RegionID,Region    ,ZoneID,Zone,Year,GreenFodder ,CropResidue,ImproFeed ,Hay     ,ByProduct  ,Other   ,GreenFodder_pct ,CropResidue_pct  ,ImproFeed_pct,Hay_pct ,ByProduct_pct,Other_pct
1, Tigray  ,100,Tigray,2006-07,"658,206","634,958","7,829","501,461","89,908","189,730",37.7,40.1,0.2,14.9,1.4,5.3
1, Tigray  ,107,North West Tigray,2006-07,"128,561","123,367","2,429","102,247","28,708","28,977",46.6,31.7,0.3,15.2,2.1,4
1, Tigray  ,102,Central Tigray,2006-07,"191,070","183,988","1,675","159,063","13,310","27,298",33.4,45.1,0.1,18.2,0.6,2.6
1, Tigray  ,103,Eastern Tigray,2006-07,"102,359","102,200","1,043","74,257","7,593","53,750",28.7,43.5,0.1,14.3,1.1,12.3
1, Tigray  ,104,Southern Tigray,2006-07,"177,189","170,832","2,030","126,948","23,987","63,098",34.1,44.9,0.2,12.5,1.5,5.5
1, Tigray  ,101,Western Tigray,2006-07,"59,028","54,571",653,"38,947","16,310","16,607",59.6,21.2,0.2,12.4,3.2,3.5
2, Afar ,200,Afar,2006-07,"27,912","12,875",162,"3,162","1,413","5,238",77.1,10.3,0.1,4,1.1,7.4
2, Afar ,201,Zone 1,2006-07,"11,742","6,403",73,"1,367",96,579,84.8,11.8,0.1,1.9,0.2,1.2
2, Afar ,203,Zone 3,2006-07,"16,170","6,473",89,"1,795","1,317","4,659",72.1,9.3,0.1,5.3,1.7,11.4
3, Amhara  ,300,Amhara,2006-07,"3,002,745","2,791,494","21,949","1,683,238","163,182","906,237",47.4,34.5,0.1,13.2,0.7,4
3, Amhara  ,301,North Gonder,2006-07,"425,173","365,632","4,548","272,576","33,652","92,463",46.3,29.7,0.3,15.9,0.9,6.9
3, Amhara  ,302,South Gonder,2006-07,"366,202","359,765","5,557","254,914","49,484","73,288",36.7,41.8,0.2,16.9,1.3,3
3, Amhara  ,303,North Wolo,2006-07,"283,375","271,609",835,"159,187","2,773","77,174",42.7,39,0.1,13.6,0.1,4.6
3, Amhara  ,304,South Wolo,2006-07,"469,959","449,743","3,113","366,809","3,372","35,591",40.1,37.5,0.1,20.6,0.1,1.5
3, Amhara  ,305,North Shewa,2006-07,"361,670","337,409","1,411","228,923","34,441","103,932",42.5,38,0,16,1.5,2
3, Amhara  ,306,East Gojam,2006-07,"404,124","368,221","5,454","84,197","27,593","248,439",55.8,33,0.2,3.3,0.8,7
3, Amhara  ,307,West Gojam,2006-07,"383,120","363,039",525,"163,287","8,430","194,297",55.9,31.7,0,7.9,0.2,4.2
3, Amhara  ,308,Waghamera,2006-07,"73,255","68,303",-99,"44,090",699,"5,414",51.1,35.1,,10.3,0.1,3.4
3, Amhara  ,309,Awi,2006-07,"164,811","147,595",506,"61,135","2,536","70,218",67.9,22.4,0,5.9,0.3,3.5
3, Amhara  ,310,Oromia,2006-07,"71,057","60,178",-99,"48,120",202,"5,421",60.3,22.5,,15.8,0.1,1.3
4, Oromia ,400,Oromia,2006-07,"4,353,365","3,413,072","18,605","612,297","479,133","1,097,088",68.6,24,0.1,2.3,1.4,3.5
4, Oromia ,401,West Wellega,2006-07,"187,690","84,089",-99,"1,748","9,514","47,278",88.2,7.6,,0.1,0.8,3.2
4, Oromia ,402,East Wellega,2006-07,"186,569","88,035","1,745","4,353","10,736","47,430",86.4,9.3,0.1,0.6,0.8,2.7
4, Oromia ,403,Illubabor,2006-07,"202,293","74,143",-99,410,"7,961","68,615",91.5,4.7,,0,0.4,3.4
4, Oromia ,404,Jimma,2006-07,"485,828","325,806",-99,"19,760","11,552","105,988",85.8,10.9,,0.5,0.3,2.5
4, Oromia ,405,West Shewa,2006-07,"380,840","303,022","2,152","72,101","64,538","157,527",75.5,18,0,2.2,1.5,2.8
4, Oromia ,406,North Shewa,2006-07,"259,607","236,123","2,083","208,274","40,858","36,689",55.2,24.2,0.1,17.6,1.7,0.9
4, Oromia ,407,East Shewa,2006-07,"220,444","207,608",749,"23,640","71,769","17,096",46.5,45.9,0,1.5,4.9,0.9
4, Oromia ,408,Arsi,2006-07,"449,261","416,951","3,694","45,225","105,403","94,615",61.4,30.6,0.1,1.3,3.2,3.4
4, Oromia ,409,West Harerghe,2006-07,"278,231","296,936","1,240","21,980","7,329","127,309",38.3,50,0.1,1.3,0.4,9.9
4, Oromia ,410,East Harerghe,2006-07,"367,870","431,411","1,486","117,558","35,844","134,188",38.9,47,0.1,4.8,1.3,8
4, Oromia ,411,Bale,2006-07,"249,897","173,204",544,"1,887","42,371","20,631",81.5,15.4,0,0.1,1.9,1
4, Oromia ,412,Borena,2006-07,"163,789","69,723",143,908,"2,242","38,298",87.6,9.7,0,0.1,0.2,2.4
4, Oromia ,413,South West Shewa,2006-07,"190,282","174,820","1,147","33,477","24,696","45,721",61.9,31.7,0.1,2.3,1.5,2.5
4, Oromia ,414,Guji,2006-07,"194,212","131,502",169,"9,314",-99,"46,514",79.5,16.3,0,1,,3.3
4, Oromia ,416,Kelem Wellega,2006-07,"107,504","61,722",108,"7,571","9,183","31,413",81.9,10.2,0,0.8,1.5,5.5
4, Oromia ,417,Horo Guduru Wellega,2006-07,"94,535","71,013","1,584","12,713","10,349","14,784",81.3,13.7,0.4,1.6,1.1,1.8
4, Oromia ,415,West Arsi,2006-07,"334,514","266,962","1,763","31,378","24,789","62,993",74.6,21.8,0,1,0.8,1.7
5, Somali,500,Somali,2006-07,"115,987","86,147",140,"17,133",865,"2,311",77.3,18.6,0,3.4,0.1,0.5
5, Somali,501,Shinele,2006-07,"5,060","2,470",-99,-99,309,"1,575",82.2,13.8,,,1,3.1
5, Somali,502,Jijiga,2006-07,"80,651","72,880",140,"13,200",464,614,71.5,23.8,0,4.2,0.1,0.3
5, Somali,509,Liben,2006-07,"30,277","10,797",-99,"3,933",91,122,92.1,5.6,,1.8,0,0.4
6, Benshangul-Gumuz  ,600,Benshangul-Gumuz,2006-07,"116,665","42,602",189,"10,012","6,432","21,044",86.9,7.5,0,1.9,0.9,2.6
6, Benshangul-Gumuz  ,602,Metekel,2006-07,"47,612","23,664",128,"6,507","1,496","13,056",80.5,10.6,0,3.8,0.6,4.4
6, Benshangul-Gumuz  ,603,Asosa,2006-07,"49,147","14,319",61,"3,472","4,806","6,426",89.8,6.1,0,0.8,1.4,1.5
6, Benshangul-Gumuz  ,604,Kemeshi,2006-07,"19,906","4,619",-99,33,130,"1,563",95.1,3.6,,0,0.3,1
7, SNNP  ,700,SNNP,2006-07,"2,457,159","1,999,305","12,048","204,696","239,765","778,970",72.3,21.5,0.1,1.4,1.1,3.7
7, SNNP  ,701,Gurage,2006-07,"243,221","220,223","3,877","78,657","31,720","71,316",66.6,23.4,0.2,5.8,1.6,2.3
7, SNNP  ,702,Hadiya,2006-07,"202,194","194,720",623,"16,964","8,314","130,906",64.5,25.2,0.1,1.1,0.7,8.4
7, SNNP  ,703,Kembata Tembaro,2006-07,"113,234","109,397","1,833","11,289","17,575","97,147",49.5,33,0.2,1.7,2.1,13.6
7, SNNP  ,704,Sidama,2006-07,"478,583","428,463","3,974","12,443","36,343","94,429",71.3,25.2,0.2,0.4,1,1.9
7, SNNP  ,705,Gedio,2006-07,"105,610","71,680",-99,"1,658","2,464","15,182",77,20.3,,0.2,0.3,2.2
7, SNNP  ,706,Wolayita,2006-07,"283,963","248,394",217,"39,416","37,922","70,081",73.9,19.6,0,2.4,1.8,2.3
7, SNNP  ,707,South Omo,2006-07,"82,477","49,090",126,811,370,"19,109",83.6,13.2,,0.1,0,2.8
7, SNNP  ,708,Shaka,2006-07,"25,701","5,211",17,-99,"8,874","6,181",88.2,4.7,0,,2.4,4.7
7, SNNP  ,709,Kaffa,2006-07,"165,042","46,254",294,-99,"47,622","31,681",95.4,2.1,0,,1.8,0.8
7, SNNP  ,710,Gamo Gofa,2006-07,"269,408","207,673",499,"10,522","3,829","81,319",71,23,0,0.5,0.2,5.2
7, SNNP  ,711,Bench Maji,2006-07,"114,841","78,187",233,"1,085","40,051","30,638",83.2,11,0,0.2,3.8,1.7
7, SNNP  ,712,Yem Sp. Wereda,2006-07,"15,072","12,778",26,"4,398",109,"3,377",76.4,16.4,0,5.4,0.1,1.6
7, SNNP  ,713,Amaro Sp. Wereda,2006-07,"26,236","22,367",190,43,39,872,77.6,21.8,0.1,0,0,0.4
7, SNNP  ,714,Burji Sp. Wereda,2006-07,"8,257","6,812",-99,334,31,"2,306",75.8,20.3,,0.3,0.1,3.4
7, SNNP  ,715,Konso Sp. Wereda,2006-07,"31,170","33,881",-99,"4,510",355,"16,926",51.3,37.4,,2.6,0.2,8.1
7, SNNP  ,716,Derashe Sp. Wereda,2006-07,"19,036","18,102",-99,"2,100",343,"11,469",64.2,26.5,,2.3,0.2,6.7
7, SNNP  ,717,Dawro,2006-07,"76,972","65,258",-99,"2,821",220,"56,176",82.7,12.8,,0.5,0.1,4
7, SNNP  ,718,Basketo Sp. Wereda,2006-07,"9,679","8,430",-99,282,63,"3,306",70.6,22.5,,0.7,0.1,6.1
7, SNNP  ,719,Konta Sp. Wereda,2006-07,"17,772","12,553",-99,89,128,"5,007",84.4,13.3,,0,0.2,2
7, SNNP  ,720,Silte,2006-07,"135,407","127,616",139,"16,474","2,837","29,047",65.5,29.7,0,2.1,0.3,2.4
7, SNNP  ,721,Alaba Sp. Wereda,2006-07,"33,284","32,217",-99,801,557,"2,494",60,37.9,,0.3,0.3,1.3
13, Harari  ,1300,Harari,2006-07,"13,399","15,619",-99,789,"4,933","2,498",38.3,49.9,,1.2,6.7,3.8
13, Harari  ,1301,Hundene,2006-07,"13,399","15,619",-99,789,"4,933","2,498",38.3,49.9,,1.2,6.7,3.8
14, Addis Ababa  ,1400, Addis Ababa  ,2006-07,"5,623","5,063",-99,"3,059","2,214",820,47.2,32.7,,11.4,6.5,2
14, Addis Ababa  ,1403, Zone 3  ,2006-07,"3,798","3,279",-99,"2,251","1,316",683,54.8,24.4,,13.5,5,2.3
14, Addis Ababa  ,1406, Zone 6  ,2006-07,"1,825","1,785",-99,809,898,137,32.5,48.8,,7.5,9.4,1.6
15, Dire Dawa ,1501,Dire Dawa,2006-07,"17,821","16,259",-99,968,"4,159","3,966",66.8,25.7,,1.6,3.7,2.2
15, Dire Dawa ,1501,Dire Dawa,2006-07,"17,821","16,259",-99,968,"4,159","3,966",66.8,25.7,,1.6,3.7,2.2
1,Tigray,100,Tigray,2007-08,"723,880","676,138","9,112","547,588","110,993","161,337",41,37,0,15,2,4
1,Tigray,107,North West Tigray,2007-08,"130,890","122,532","2,667","108,854","43,111","15,118",47,29,0,17,4,3
1,Tigray,102,Central Tigray,2007-08,"220,119","208,641",458,"185,004","24,172","57,439",33,44,0,19,1,3
1,Tigray,103,Eastern Tigray,2007-08,"126,387","121,338",464,"81,804","5,037","37,541",36,44,0,13,1,6
1,Tigray,104,Southern Tigray,2007-08,"185,940","172,176","4,485","136,368","19,007","43,609",43,37,0,14,1,5
1,Tigray,101,Western Tigray,2007-08,"60,544","51,451","1,037","35,558","19,666","7,630",66,17,0,10,3,3
2,Afar,200,Afar,2007-08,"37,963","10,004",43,"5,234","1,826","2,999",82,5,0,8,1,3
2,Afar,201,Zone 1,2007-08,"21,451","7,643",-99,494,"1,092",313,91,7.4,,1,1,0
2,Afar,203,Zone 3,2007-08,"16,512","2,361",43,"4,741",734,"2,686",71,3,0,17,2,7
3,Amhara,300,Amhara,2007-08,"3,221,782","3,021,359","38,191","1,957,192","131,663","765,177",48,35,0,14,0,3
3,Amhara,301,North Gonder,2007-08,"488,119","428,746","3,367","344,041","28,031","61,566",51,30,0,17,1,1
3,Amhara,302,South Gonder,2007-08,"393,614","390,451","6,711","258,739","19,946","92,611",40,42,0,15,0,3
3,Amhara,303,North Wolo,2007-08,"295,681","288,256","11,239","182,572","8,016","27,974",38,43,1,16,0,2
3,Amhara,304,South Wolo,2007-08,"517,370","499,715","8,457","434,419","5,296","19,713",39,37,0,23,0,1
3,Amhara,305,North Shewa,2007-08,"355,881","342,838","2,068","235,494","37,561","68,597",42,41,0,15,1,1
3,Amhara,306,East Gojam,2007-08,"420,552","394,488","2,764","125,203","4,515","206,950",54,35,0,5,0,6
3,Amhara,307,West Gojam,2007-08,"426,639","396,352","1,286","205,363","23,421","195,027",57,29,0,9,1,5
3,Amhara,308,Waghamera,2007-08,"84,605","78,115",511,"48,408",356,"3,104",51,36,0,12,0,1
3,Amhara,309,Awi,2007-08,"154,416","128,498","1,340","65,004","1,430","73,021",68,19,0,7,0,6
3,Amhara,310,Oromia,2007-08,"79,205","68,788",436,"53,865","3,092","16,354",56,24,0,16,1,3
3,Amhara,312,Argoba Special Wereda,2007-08,"5,701","5,113",12,"4,083",-99,259,53,27,0,17.5,,2
4,Oromia,400,Oromia,2007-08,"4,687,992","3,620,990","15,685","720,731","329,437","1,321,269",69,23,0,3,1,4
4,Oromia,401,West Wellega,2007-08,"204,209","103,663",436,"1,574","13,258","31,239",88,9,0,0,1,2
4,Oromia,402,East Wellega,2007-08,"196,289","121,167","1,023","13,414","20,720","55,575",83,11,0,1,1,3
4,Oromia,403,Illubabor,2007-08,"229,618","67,448",-99,"6,048",736,"105,174",89,5.3,,0,0,5
4,Oromia,404,Jimma,2007-08,"516,643","284,064",735,"14,619","13,215","123,500",88,9,0,0,0,2
4,Oromia,405,West Shewa,2007-08,"371,088","298,317","1,290","48,862","7,745","158,667",77,18,0,2,0,3
4,Oromia,406,North Shewa,2007-08,"283,711","253,133","3,244","235,676","25,264","74,235",54,24,0,19,1,2
4,Oromia,407,East Shewa,2007-08,"226,929","213,648","1,500","38,790","58,237","33,111",50,42,0,3,3,2
4,Oromia,408,Arsi,2007-08,"498,536","451,598","1,463","63,495","49,937","101,111",68,27,0,2,1,2
4,Oromia,409,West Harerghe,2007-08,"299,351","325,777",569,"84,825","6,462","186,995",41,42,0,4,0,12
4,Oromia,410,East Harerghe,2007-08,"460,326","527,487",426,"98,346","32,140","199,858",38,48,0,4,1,9
4,Oromia,411,Bale,2007-08,"250,432","157,900",-99,"5,476","24,977","44,171",83,14,,0,1,2
4,Oromia,412,Borena,2007-08,"159,714","77,358",-99,"7,159",455,"30,895",86,11.4,,1,0,2
4,Oromia,413,South West Shewa,2007-08,"210,257","194,055","1,416","52,404","15,255","49,023",62,30,0,4,1,3
4,Oromia,414,Guji,2007-08,"203,644","140,445",666,"12,492","2,252","34,931",78,17,0,2,0,2
4,Oromia,415,West Arsi,2007-08,"346,513","276,540","1,176","26,623","32,291","33,600",72,24,0,1,1,1
4,Oromia,416,Kelem Wellega,2007-08,"127,085","60,333",661,"1,421","19,041","29,504",87,9,0,0,2,2
4,Oromia,417,Horo Guduru Wellega,2007-08,"103,646","68,060","1,081","9,508","7,451","29,680",81,13,0,1,1,4
5,Somali,500,Somali,2007-08,"138,944","87,087",25,"6,340",760,"4,178",80,18,,1,0,0
5,Somali,501,Shinele,2007-08,"18,697","6,841",25,362,325,454,90,10,0,0,0,0
5,Somali,502,Jijiga,2007-08,"77,946","68,896",-99,"4,980",200,900,71,26.6,,2,0,0
5,Somali,509,Liben,2007-08,"42,301","11,349",-99,999,235,"2,824",92,6.6,,1,0,1
6,Benshangul-Gumuz,600,Benshangul-Gumuz,2007-08,"115,860","53,535",779,"12,126","3,815","14,641",87,10,0,1,0,2
6,Benshangul-Gumuz,602,Metekel,2007-08,"47,758","23,868",140,"4,249",351,"7,778",85,12,0,2,0,1
6,Benshangul-Gumuz,603,Asosa,2007-08,"42,987","22,948",494,"6,886","1,693","3,611",87,9,0,1,0,1
6,Benshangul-Gumuz,604,Kemeshi,2007-08,"13,225","2,862",26,62,595,"1,123",92,5,0,0,1,1
6,Benshangul-Gumuz,606,Pawe Special,2007-08,"4,415","2,297",58,782,316,"1,032",79,10,0,3,1,6
6,Benshangul-Gumuz,605,Mao Komo,2007-08,"7,475","1,560",61,147,861,"1,098",91,5,0,0,2,2
7,SNNP,700,SNNP,2007-08,"2,607,784","2,123,572","28,047","289,572","139,105","760,679",70,23,0,2,1,4
7,SNNP,701,Gurage,2007-08,"279,735","253,551","3,587","100,308","43,993","74,480",64,23,0,6,2,4
7,SNNP,702,Hadiya,2007-08,"215,858","200,315",186,"23,551","4,419","134,361",62,24,0,2,0,11
7,SNNP,703,Kembata Tembaro,2007-08,"114,562","111,129","6,762","13,252","13,990","86,674",52,31,1,2,2,13
7,SNNP,704,Sidama,2007-08,"502,983","459,157","11,644","33,043","33,342","100,956",62,32,0,2,1,3
7,SNNP,705,Gedio,2007-08,"102,100","67,066",380,"3,545",180,"16,132",77,20,0,1,0,2
7,SNNP,706,Wolayita,2007-08,"262,193","235,617",886,"36,329","8,773","67,091",71,23,0,3,0,2
7,SNNP,707,South Omo,2007-08,"91,842","58,707",-99,-99,-99,"18,888",80,16,,,,4
7,SNNP,708,Shaka,2007-08,"31,743","2,890",-99,58,755,"12,846",93,1.2,,0,0,6
7,SNNP,709,Kaffa,2007-08,"182,804","65,365",-99,"1,331","14,990","39,168",95,3.3,,0,1,1
7,SNNP,710,Gamo Gofa,2007-08,"293,914","229,578",796,"16,806","2,309","43,915",77,20,0,1,0,3
7,SNNP,711,Bench Maji,2007-08,"117,633","69,362",444,-99,"12,185","40,986",87,9,0.1,,1,3
7,SNNP,712,Yem Sp. Wereda,2007-08,"15,844","14,466",-99,"4,249",24,"7,217",73,19,,4,0,4
7,SNNP,713,Amaro Sp. Wereda,2007-08,"27,335","24,352",-99,-99,-99,"1,515",78,21.3,,,,1
7,SNNP,714,Burji Sp. Wereda,2007-08,"8,926","7,922",17,37,64,"2,744",78,19,0,0,0,3
7,SNNP,715,Konso Sp. Wereda,2007-08,"34,501","38,174",146,"7,083","1,383","13,297",47,42,0,4,1,7
7,SNNP,716,Derashe Sp. Wereda,2007-08,"21,335","19,148",182,"1,030",44,"10,145",69,24,0,1,0,5
7,SNNP,717,Dawro,2007-08,"83,432","61,637",-99,"4,921",357,"40,603",83,12.5,,1,0,3
7,SNNP,718,Basketo Sp. Wereda,2007-08,"14,355","13,169",-99,20,243,"1,654",76,22.6,,0,0,2
7,SNNP,719,Konta Sp. Wereda,2007-08,"18,182","13,895",32,856,-99,"5,126",81,16,0,0.9,,2
7,SNNP,720,Silte,2007-08,"148,599","139,859","2,857","32,649","1,468","36,956",59,31,0,5,0,5
7,SNNP,721,Alaba Sp. Wereda,2007-08,"39,909","38,212",128,"10,503",585,"5,926",61,33,0,4,0,2
12,Gambela,1200,Gambela region,2007-08,"27,268","8,242",-99,226,"1,743","1,696",93,5.5,,0,1,1
12,Gambela,1202,Agnuwak,2007-08,"8,363","3,319",-99,-99,559,194,91,8.5,,,1,0
12,Gambela,1203,Nuware,2007-08,"6,210",14,-99,37,-99,37,100,0,,0.2,,0
12,Gambela,1204,Mezhenger,2007-08,"8,953","4,883",-99,189,"1,184","1,057",88,8.4,,0,2,1
12,Gambela,1201,Itang Special,2007-08,"3,743",25,-99,-99,-99,408,98,0.4,,,,1
13,Harari,1300,Harari,2007-08,"11,911","16,399","1,568","1,449","5,795","2,657",30,54,2,2,9,2
13,Harari,1301,Hundene,2007-08,"11,911","16,399","1,568","1,449","5,795","2,657",30,54,2,2,9,2
15,Dire Dawa,1500,Dire Dawa,2007-08,"20,453","19,344",-99,358,"5,055","7,708",61,30.1,,0,4,5
15,Dire Dawa,1501,Dire Dawa,2007-08,"20,453","19,344",-99,358,"5,055","7,708",61,30.1,,0,4,5
1,Tigray,100,,2008-09,"716,405","683,216","10,858","583,988","79,390","179,849",39.6,37.6,0.3,16.3,1.3,4.9
1,Tigray,107,North West Tigray,2008-09,"137,541","134,222","1,799","120,589","26,609","24,356",49.3,31.4,0.3,14.7,2,2.4
1,Tigray,102,Central Tigray,2008-09,"217,417","210,891","2,286","202,455","19,076","25,784",33.6,44,0.3,20,1,1.3
1,Tigray,103,Eastern Tigray,2008-09,"122,300","114,274",-98,"90,437","11,520","51,255",33.9,41.2,0.1,14.5,1.4,9
1,Tigray,104,Southern Tigray,2008-09,"178,900","172,084",-98,"131,407",-98,"71,270",36.2,38.8,0.5,15.3,0.6,8.7
1,Tigray,101,Western Tigray,2008-09,"60,245","51,746",-98,"39,099","11,492","7,184",60.8,18.4,0.6,13.5,2.4,4.4
2,Afar,200,,2008-09,"43,807","13,733",-98,"5,438",721,"8,206",81.7,5.9,0,6,0.3,6.1
2,Afar,201,Zone 1,2008-09,"24,654","11,042",-98,"1,805",-98,-98,86.8,7.9,0,1.5,0,3.7
2,Afar,203,Zone 3,2008-09,"19,153","2,690",-99,"3,632",682,"5,371",75.5,3.5,,11.4,0.6,9
3,Amhara,300,,2008-09,"3,566,974","3,330,608","41,345","2,195,093","136,609","855,258",46,35,0.3,14.7,0.4,3.7
3,Amhara,301,North Gonder,2008-09,"476,157","406,644","4,113","303,467","12,904","59,775",51.9,30.2,0.3,15,0.4,2.2
3,Amhara,302,South Gonder,2008-09,"400,235","383,230","2,995","302,151","21,400","50,423",38,39.1,0.2,20.2,0.4,2.1
3,Amhara,303,North Wolo,2008-09,"390,548","379,059","11,169","269,771","3,190","55,883",36,41.5,0.4,17.4,0.2,4.5
3,Amhara,304,South Wolo,2008-09,"637,039","607,660",-98,"515,726",-98,"41,926",37.8,36.7,0.5,21.2,0.2,3.7
3,Amhara,305,North Shewa,2008-09,"388,906","379,493","2,482","262,154","31,029","161,626",42.8,38.2,0.1,14.3,0.7,3.8
3,Amhara,306,East Gojam,2008-09,"484,740","458,897",-98,"141,045",-98,"203,706",51.9,36.6,0.3,5.9,0.3,5
3,Amhara,307,West Gojam,2008-09,"451,832","419,661",-98,"204,523","44,380","203,160",56,30.5,0.1,8.6,0.6,4.3
3,Amhara,308,Waghamera,2008-09,"84,877","79,827",-98,"55,092","2,018",-98,50.6,33.5,0,14.7,0.4,0.9
3,Amhara,309,Awi,2008-09,"167,307","139,810",-98,"88,626","3,461","62,325",65.6,19.8,0,10.3,0.2,4.1
3,Amhara,310,Oromia,2008-09,"79,165","70,686",-98,"48,343",791,"14,157",50.6,30.3,0.1,14.4,0.2,4.4
3,Amhara,312,Argoba Special Wereda,2008-09,"6,169","5,640",-98,"4,197",-99,258,48.2,32.9,0.2,17,,1.7
4,Oromia,400,,2008-09,"4,959,841","3,941,984","29,116","783,467","337,913","1,389,644",68.4,23.5,0.1,3.1,0.8,4.1
4,Oromia,401,West Wellega,2008-09,"210,651","73,932",-98,-98,"13,850","33,957",90.4,6,0,0.1,0.8,2.7
4,Oromia,402,East Wellega,2008-09,"203,294","111,321",-98,-98,"13,441","41,595",85.7,10.7,0,0.7,0.6,2.3
4,Oromia,403,Illubabor,2008-09,"227,209","100,721",-98,-98,-98,"115,045",88.4,6.8,0,0.1,0.2,4.5
4,Oromia,404,Jimma,2008-09,"519,157","351,379",-98,-98,-98,"218,033",85.1,9.4,0,0.6,0.3,4.7
4,Oromia,405,West Shewa,2008-09,"361,471","313,847",-98,"67,634","15,091","111,662",73.1,20.4,0.1,2.9,0.4,3.2
4,Oromia,406,North Shewa,2008-09,"312,896","290,744","4,931","258,666","19,352","91,690",49.8,26.8,0.2,19.8,0.6,2.8
4,Oromia,407,East Shewa,2008-09,"245,915","224,960",-98,"43,424","35,739","29,601",55.5,37,0.1,3.3,2.2,1.8
4,Oromia,408,Arsi,2008-09,"556,126","526,947","5,238","90,214","60,480","100,470",64.7,29.2,0.2,2.9,1,2
4,Oromia,409,West Harerghe,2008-09,"325,752","354,238","3,500","66,285","12,126","184,109",40.2,44,0.2,3.8,0.4,11.5
4,Oromia,410,East Harerghe,2008-09,"461,377","514,853",-98,"84,002","29,198","182,390",43.8,44.4,0.1,3.5,0.8,7.5
4,Oromia,411,Bale,2008-09,"249,163","170,601",-98,"11,766","22,397","21,185",81.5,15.6,0,0.7,1.1,1.1
4,Oromia,412,Borena,2008-09,"215,952","88,394",-98,"25,651","12,141","47,851",84.6,9.8,0.1,1.6,0.6,3.4
4,Oromia,413,South West Shewa,2008-09,"201,174","184,242","2,172","57,114","19,353","53,909",60.3,29.8,0.2,4.7,1.2,3.9
4,Oromia,414,Guji,2008-09,"270,254","179,386",-99,-98,-98,"66,746",74.6,17.4,,0.4,0.8,6.8
4,Oromia,415,West Arsi,2008-09,"363,820","316,162",-98,"37,006","44,571","29,164",70.8,25,0,1.8,1.6,0.7
4,Oromia,416,Kelem Wellega,2008-09,"134,232","68,404",-98,"5,923","7,918","42,234",85.5,8.9,0.1,0.7,1,3.7
4,Oromia,417,Horo Guduru Wellega,2008-09,"101,397","71,855",-98,"3,369","7,253","20,002",82.9,14.3,,0.4,0.6,1.9
5,Somali,500,,2008-09,"136,655","79,260",-98,"2,771",-98,"7,074",84.6,14.4,0,0.2,0.3,0.5
5,Somali,501,Shinele,2008-09,"14,941","4,912",-99,-98,695,"2,151",90.1,8,,0,1,0.8
5,Somali,502,Jijiga,2008-09,"70,939","56,949",-98,-98,-98,-98,79.7,19.6,0,0.3,0.2,0.2
5,Somali,509,Liben,2008-09,"50,774","17,399",-99,-98,-98,-98,89.8,8.9,,0.2,0.2,1
6,Benshangul-Gumuz,600,,2008-09,"117,505","48,644","1,229","10,200","2,851","25,217",87.8,7.8,0.1,1.3,0.4,2.7
6,Benshangul-Gumuz,602,Metekel,2008-09,"49,623","24,572",-98,"4,387",-98,"12,534",86.7,9.3,0.1,1.3,0.1,2.4
6,Benshangul-Gumuz,603,Asosa,2008-09,"43,124","16,768",-98,"5,126",-98,"9,885",86.7,7.7,0.2,1.6,0.8,3
6,Benshangul-Gumuz,604,Kemeshi,2008-09,"12,833","1,137",-99,-99,-99,-98,98.3,1.2,,,,0.5
6,Benshangul-Gumuz,606,Pawe Special,2008-09,"4,383","2,458",-98,302,-98,"1,142",85.4,9.9,0.1,1.4,0,3.3
6,Benshangul-Gumuz,605,Mao Komo,2008-09,"7,543","3,708",-98,-98,247,"1,476",85.1,7.9,0.1,1,0.5,5.3
7,SNNP,700,,2008-09,"2,652,008","2,173,657","18,608","347,863","155,019","781,704",71.1,22.2,0.1,2.3,0.7,3.6
7,SNNP,701,Gurage,2008-09,"282,363","256,196",869,"117,133","17,624","115,431",63.2,24.1,0.1,7.8,0.7,4.2
7,SNNP,702,Hadiya,2008-09,"216,373","198,756",-98,"41,636","11,598","131,053",61,25.3,0.1,3.8,0.8,9
7,SNNP,703,Kembata Tembaro,2008-09,"113,514","109,218","5,076","24,002","15,242","81,270",53.5,31.9,0.6,3,1.4,9.7
7,SNNP,704,Sidama,2008-09,"503,778","432,316","5,541","23,901","39,488","66,955",69.6,26.8,0.2,0.9,0.9,1.6
7,SNNP,705,Gedio,2008-09,"106,529","76,877",-99,990,-98,"20,892",74.6,20.5,,0.2,0.6,4.1
7,SNNP,706,Wolayita,2008-09,"272,796","251,134","1,561","31,667","12,562","66,346",72.7,22.9,0.2,2,0.6,1.6
7,SNNP,707,South Omo,2008-09,"95,200","57,259",-98,-98,-98,"13,480",83.5,14.4,0.1,0,0.2,1.9
7,SNNP,708,Shaka,2008-09,"31,752","11,506",-99,-99,"7,288","5,688",91.4,5,,,1.7,2
7,SNNP,709,Kaffa,2008-09,"187,114","73,505",-98,-98,"17,637","14,241",94.6,4.1,0,0.3,0.6,0.4
7,SNNP,710,Gamo Gofa,2008-09,"300,243","250,657",-98,"27,756",-98,"61,928",73.4,22.3,0.1,1.7,0.1,2.4
7,SNNP,711,Bench Maji,2008-09,"121,163","65,982",-98,-98,"20,946","32,538",88,7.3,0,0.1,1.9,2.7
7,SNNP,712,Yem Sp. Wereda,2008-09,"15,574","13,817",-98,"3,797",-99,"5,470",70.9,21.3,0.1,4.3,,3.4
7,SNNP,713,Amaro Sp. Wereda,2008-09,"27,695","25,305",-99,-98,-99,"3,076",75.1,22.9,,0.6,,1.5
7,SNNP,714,Burji Sp. Wereda,2008-09,"8,640","6,313",-98,-98,-99,"2,104",78.8,16.9,0,1.2,,3.1
7,SNNP,715,Konso Sp. Wereda,2008-09,"34,831","39,328",-98,"10,064",-98,"29,250",41.7,36.1,0.1,5.6,0.2,16.5
7,SNNP,716,Derashe Sp. Wereda,2008-09,"21,884","19,344",-98,-98,-99,"7,028",69.8,24.4,0.2,0.5,,5
7,SNNP,717,Dawro,2008-09,"90,068","74,274",-98,"11,777",-98,"63,418",75.6,15.5,0,2.1,0.2,6.6
7,SNNP,718,Basketo Sp. Wereda,2008-09,"13,692","12,817",-98,-98,-98,"4,468",70.6,24.5,0.1,0.4,0,4.4
7,SNNP,719,Konta Sp. Wereda,2008-09,"18,656","15,281",-99,-98,-99,"4,571",81.9,15.8,,0.1,,2.2
7,SNNP,720,Silte,2008-09,"149,313","144,222",-98,"43,464","2,908","44,177",61.1,31.4,0.1,3.9,0.2,3.3
7,SNNP,721,Alaba Sp. Wereda,2008-09,"40,831","39,551",-99,"5,343",-98,"8,318",57.7,37,,2.3,0.3,2.7
12,Gambela,1200,,2008-09,"19,553","3,641",-99,-98,"1,930","3,108",95.1,2,,,0.3,2.6
12,Gambela,1202,Agnuwak,2008-09,"3,524",715,-99,-98,-98,-98,93.3,4.9,,0,0,1.7
12,Gambela,1203,Nuware,2008-09,"5,344",-99,-99,-99,-99,-98,97.4,,,,,2.6
12,Gambela,1204,Mezhenger,2008-09,"9,502","2,761",-99,-99,"1,888","2,659",94.3,1.9,,,0.7,3.1
12,Gambela,1201,Itang Special,2008-09,"1,183",165,-99,-99,-99,-98,96.2,2.7,,,,1.1
13,Harari,1300,,2008-09,"13,226","17,203",-98,"2,741","6,840","3,122",29.8,50.2,1.6,4.2,10.8,3.5
13,Harari,1301,Hundene,2008-09,"13,226","17,203",-98,"2,741","6,840","3,122",29.8,50.2,1.6,4.2,10.8,3.5
15,Dire Dawa,1500,Dire Dawa,2008-09,"21,345","19,006",-98,-98,"5,528","7,567",70.2,23.7,0.1,0.2,2.9,2.9
15,Dire Dawa,1501,Dire Dawa,2008-09,"21,345","19,006",-98,-98,"5,528","7,567",70.2,23.7,0.1,0.2,2.9,2.9
1,Tigray,100,Tigray,2010-11,"833,937","820,427","9,721","718,363","52,866","234,973",37.4,40.4,0.2,17.9,0.7,3.4
1,Tigray,107,North West Tigray,2010-11,"155,842","150,221","1,208","146,706","21,642","17,489",47.1,27.8,0.1,21.8,1.7,1.4
1,Tigray,102,Central Tigray,2010-11,"226,434","236,970","3,642","208,775","6,106","31,300",30.3,49.7,0.3,18,0.3,1.5
1,Tigray,103,Eastern Tigray,2010-11,"145,836","142,527","1,752","132,624","9,201","83,530",31.1,43.3,0.2,17.4,0.8,7.3
1,Tigray,104,Southern Tigray,2010-11,"219,066","211,110","2,312","156,899","6,131","97,639",36.1,43.6,0.3,14.3,0.5,5.4
1,Tigray,101,Western Tigray,2010-11,"86,759","79,599",808,"73,360","9,786","5,015",53.9,24,0.2,20.4,1,0.5
2,Afar,200,Afar,2010-11,"91,738","30,845","1,079","7,532","4,386","6,153",88.9,6.4,0.1,1.9,1.6,1.2
2,Afar,201,Zone 1,2010-11,"56,959","26,569","1,079","5,639","3,560",67,86.7,8.8,0.2,2.2,2.1,0
2,Afar,203,Zone 3,2010-11,"34,779","4,276",-99,"1,893",827,"6,086",92.3,2.5,,1.3,0.7,3.2
3,Amhara,300,Amhara,2010-11,"3,695,222","3,512,446","42,970","2,409,559","125,490","1,076,952",40.9,39.1,0.2,15.6,0.4,3.8
3,Amhara,301,North Gonder,2010-11,"539,097","468,048","4,260","390,336","29,065","73,101",44.4,33.9,0.2,19.1,0.7,1.7
3,Amhara,302,South Gonder,2010-11,"541,451","532,236","7,366","408,568","17,122","54,610",35.1,44.6,0.3,18.6,0.5,0.9
3,Amhara,303,North Wolo,2010-11,"285,509","290,875","6,204","189,660","3,592","32,468",35.5,42.3,0.3,17.1,0.2,4.6
3,Amhara,304,South Wolo,2010-11,"571,177","556,410","4,260","464,618","7,592","39,826",32.3,43.3,0.1,22.2,0.2,1.9
3,Amhara,305,North Shewa,2010-11,"390,834","373,593","3,221","298,869","17,566","192,342",35.1,41.5,0.3,17.5,0.5,5.1
3,Amhara,306,East Gojam,2010-11,"505,326","483,183","11,609","181,621","26,636","265,199",45.9,40.6,0.4,6.6,0.4,6.1
3,Amhara,307,West Gojam,2010-11,"487,500","471,458","3,750","243,167","16,132","299,799",46.1,37.4,0.2,9.4,0.3,6.7
3,Amhara,308,Waghamera,2010-11,"87,107","84,356",202,"79,961","2,040","8,891",42,32.7,0,21.2,0.2,3.8
3,Amhara,309,Awi,2010-11,"202,543","176,914","1,749","101,381","4,909","94,017",61,24.1,0.2,9.7,0.4,4.6
3,Amhara,310,Oromia,2010-11,"77,970","68,982",316,"47,084",690,"16,640",55.9,25,0.2,13.5,0.2,5.2
3,Amhara,312,Argoba Special,2010-11,"6,706","6,390",35,"4,293",146,59,39.3,38.1,0.2,21.2,0.7,0.5
4,Oromia,400,Oromia,2010-11,"4,991,101","4,008,874","80,886","729,967","389,161","1,280,515",66.4,25.9,0.3,2.8,1,3.6
4,Oromia,401,West Wellega,2010-11,"210,112","97,054",673,"1,396","5,947","52,472",88.6,7.8,0,0.1,0.3,3.2
4,Oromia,402,East Wellega,2010-11,"209,919","128,329",912,"5,945","10,797","53,800",83.7,12.3,0.1,0.5,0.6,3
4,Oromia,403,Illubabor,2010-11,"245,588","128,854",-99,860,"29,767","94,247",86.1,7.7,,0.1,1.4,4.8
4,Oromia,404,Jimma,2010-11,"552,018","361,337",694,"4,668","7,535","108,768",87.1,10.9,0,0.1,0.3,1.6
4,Oromia,405,West Shewa,2010-11,"407,208","318,554","14,064","102,195","38,927","136,166",70.4,21.4,0.4,4,1,2.9
4,Oromia,406,North Shewa,2010-11,"290,408","271,642","1,292","239,752","24,454","77,441",52.4,27.2,0.1,17.7,0.8,1.8
4,Oromia,407,East Shewa,2010-11,"221,409","218,589","4,108","26,408","53,730","52,992",45.8,45.7,0.3,2,3,3.3
4,Oromia,408,Arsi,2010-11,"483,025","456,935","8,970","44,425","54,518","104,096",59.3,33.9,0.3,1.6,1.5,3.5
4,Oromia,409,West Harerghe,2010-11,"315,708","347,590","3,814","65,114","9,620","167,079",36.5,47.5,0.2,4,0.5,11.4
4,Oromia,410,East Harerghe,2010-11,"494,533","533,797","30,887","90,472","62,766","129,190",40.6,48.2,1.3,3.3,1.8,4.8
4,Oromia,411,Bale,2010-11,"282,762","206,270",664,"8,214","19,091","26,906",78.9,18.1,0,0.3,0.9,1.8
4,Oromia,412,Borena,2010-11,"170,543","93,973","3,730","22,468","2,603","15,661",80.3,13.9,0.8,3.5,0.4,1.2
4,Oromia,413,South West Shewa,2010-11,"254,601","226,375","1,458","54,126","30,456","86,710",58.6,31.2,0.1,3.7,1.4,5.2
4,Oromia,414,Guji,2010-11,"249,815","166,681",-99,"16,490","9,746","76,702",76.4,17,,1.6,1,4
4,Oromia,415,West Arsi,2010-11,"357,210","295,740","6,943","37,187","22,659","25,900",70,26,0.3,1.5,1,1.1
4,Oromia,416,Kelem Wellega,2010-11,"132,716","72,102",976,"1,465","2,100","28,910",85.8,10.7,0.1,0.2,0.3,2.9
4,Oromia,417,Horoguduru Wellega,2010-11,"113,527","85,051","1,703","8,784","4,445","43,476",78.8,15.6,0.2,1.1,0.4,3.9
5,Somali,500,Somale,2010-11,"125,850","71,478",161,"10,984","2,285","3,982",82.5,14.9,0.1,1.8,0.3,0.6
5,Somali,501,Shinele,2010-11,"11,724","4,612",-99,52,471,442,91.9,6.5,,0.1,0.6,0.9
5,Somali,502,Jijiga,2010-11,"59,875","51,984",-99,"7,009","1,814","1,235",75.6,21.6,,2.2,0.5,0.2
5,Somali,509,Liben,2010-11,"54,251","14,882",161,"3,922",-99,"2,305",87.9,9.2,0.1,1.7,,1
6,Benshangul-Gumuz,600,Benshangul-Gumuz,2010-11,"162,188","79,302",781,"20,307","1,742","23,936",86.4,9.7,0.1,1.7,0.2,1.9
6,Benshangul-Gumuz,602,Metekel,2010-11,"74,821","44,011",-99,"14,492",259,"10,237",82.3,12.9,,2.8,0.1,2
6,Benshangul-Gumuz,603,Asosa,2010-11,"60,474","28,018",555,"4,919",649,"9,796",89.7,7.3,0.1,0.9,0.1,1.8
6,Benshangul-Gumuz,604,Kemeshi,2010-11,"16,516","3,836",115,209,481,"1,952",92.5,4.2,0.2,0.2,0.8,2.2
6,Benshangul-Gumuz,605,Mao Komo,2010-11,"10,377","3,438",111,687,352,"1,951",87.3,9.6,0.1,1,0.6,1.3
7,SNNP,700,SNNP,2010-11,"3,194,492","2,508,107","40,897","475,613","217,419","999,288",69.3,22.4,0.2,3,1,4.2
7,SNNP,701,Gurage,2010-11,"307,264","279,690","2,958","112,229","26,218","95,931",60.4,27.2,0.1,7.7,1.2,3.5
7,SNNP,702,Hadiya,2010-11,"238,480","219,923","6,110","40,832","10,651","110,257",61.3,26.8,0.3,3,0.8,7.8
7,SNNP,703,Kembata Tembaro,2010-11,"111,851","107,375","11,926","13,033","21,931","80,598",52.4,30.8,1.5,1.9,2.7,10.7
7,SNNP,704,Sidama,2010-11,"671,102","535,061","3,665","48,537","57,028","194,150",68,23,0.2,1.5,1.7,5.6
7,SNNP,705,Gedio,2010-11,"141,773","79,357",-99,"5,462","9,219","43,390",79.2,15.8,,0.7,1,3.4
7,SNNP,706,Wolayita,2010-11,"299,221","274,449","1,615","67,272","31,215","168,963",68,22.4,0.1,3.9,1.2,4.5
7,SNNP,707,South Omo,2010-11,"102,129","67,044","1,181","2,358",245,"9,723",80.2,16.3,0.3,0.7,0.2,2.3
7,SNNP,708,Shaka,2010-11,"37,895","6,811",364,67,"8,269","4,865",94.3,3.2,0.2,0,1.6,0.7
7,SNNP,709,Kaffa,2010-11,"208,540","47,953",172,310,"9,829","50,802",94.5,2.7,0,0,0.2,2.7
7,SNNP,710,Gamo Gofa,2010-11,"408,645","345,995","5,996","67,850",875,"50,917",68.8,25.5,0.2,3.7,0,1.8
7,SNNP,711,Bench Maji,2010-11,"136,734","62,215",-99,-99,"22,771","27,301",89.7,7,,,1.7,1.7
7,SNNP,712,Yem Sp. Wereda,2010-11,"18,838","17,490",31,"5,014",63,"6,721",73.7,18.8,0,4.1,0,3.4
7,SNNP,713,Amaro Sp. Wereda,2010-11,"36,536","32,988",60,"1,582",60,"7,954",71,25.8,0,0.9,0,2.3
7,SNNP,714,Burji Sp. Wereda,2010-11,"9,029","8,663",18,760,-99,"1,913",67.7,28.1,0,1.4,,2.8
7,SNNP,715,Konso Sp. Wereda,2010-11,"34,852","38,963",424,"18,693","1,427","27,150",42.6,33.2,0.2,11.8,0.7,11.6
7,SNNP,716,Derashe Sp. Wereda,2010-11,"27,073","23,593",-99,482,"1,402","5,679",67.6,28.5,,0.4,0.7,2.9
7,SNNP,717,Dawro,2010-11,"89,214","76,824",364,"7,963",256,"57,210",80.7,13.7,0.1,1.9,0,3.7
7,SNNP,718,Basketo Sp. Wereda,2010-11,"14,040","11,291",685,"2,414",55,"1,091",64,29,1.2,3.9,0.1,1.8
7,SNNP,719,Konta Sp. Wereda,2010-11,"27,832","16,486",359,"1,821",698,"5,627",82.5,12.4,0.4,1.7,0.5,2.5
7,SNNP,720,Silte,2010-11,"218,290","204,596","2,619","57,141","9,641","37,368",55.3,36.4,0.2,4.8,0.7,2.6
7,SNNP,721,Alaba Sp. Wereda,2010-11,"55,154","51,341","2,350","21,792","5,566","11,679",59.7,29,0.9,7,1.6,1.9
12,Gambela,1200,Gambela Region,2010-11,"26,634","4,455",-99,26,"2,416",548,97.6,1.7,,,0.6,0.2
12,Gambela,1202,Angnuwak,2010-11,"3,828",744,-99,26,378,91,97.1,2.3,,0,0.5,0.2
12,Gambela,1203,Nuware,2010-11,"11,079",494,-99,-99,-99,-99,99.5,0.5,,,,
12,Gambela,1204,Mezhenger,2010-11,"9,776","3,149",-99,-99,"2,022",457,95.2,3,,,1.5,0.4
12,Gambela,1201,Itang Special,2010-11,"1,951",67,-99,-99,16,-99,99.5,0.5,,,0,
13,Harari,1300,Harari,2010-11,"16,522","18,040","1,367",980,"6,535","1,152",36.8,48.7,1.4,0.9,10.5,1.8
13,Harari,1301,Hundene,2010-11,"16,522","18,040","1,367",980,"6,535","1,152",36.8,48.7,1.4,0.9,10.5,1.8
15,Dire Dawa,1501,Dire Dawa,2010-11,"21,181","20,021",706,488,"4,618","5,006",66.9,23.4,0.4,0.4,2.7,6.2
15,Dire Dawa,1501,Dire Dawa,2010-11,"21,181","20,021",706,488,"4,618","5,006",66.9,23.4,0.4,0.4,2.7,6.2
1,Tigray,100,Tigray,2011-12,"815,193","778,992","9,240","617,350","76,422","203,270",37.7,42.3,0.3,14.5,1,4.1
1,Tigray,107,North West Tigray,2011-12,"171,130","166,747","4,562","137,482","17,848","61,290",47.7,30.6,0.6,14.5,0.8,5.8
1,Tigray,102,Central Tigray,2011-12,"230,628","225,767","2,025","182,183","19,955","34,568",30.4,50.2,0.3,15.9,1.2,2
1,Tigray,103,Eastern Tigray,2011-12,"124,144","119,272",504,"92,520","5,820","32,342",29.5,51.1,0,13.1,0.6,5.8
1,Tigray,104,Southern Tigray,2011-12,"206,218","193,649","1,402","137,736","24,505","52,808",36.7,46.3,0.2,12.1,1.2,3.5
1,Tigray,101,Western Tigray,2011-12,"83,073","73,557",747,"67,429","8,294","22,263",52.5,22.6,0.2,18.4,1.1,5.2
2,Afar,200,Afar,2011-12,"99,891","24,744",686,"5,524","4,939","2,860",89.8,4.9,0.2,2.3,1.6,1
2,Afar,201,Zone 1,2011-12,"65,873","23,343",363,"2,670","2,697",435,89.9,6.6,0.1,1.4,1.4,0.1
2,Afar,203,Zone 3,2011-12,"34,018","1,401",323,"2,854","2,241","2,426",89.5,1.8,0.3,3.8,1.9,2.7
3,Amhara,300,Amhara,2011-12,"3,704,544","3,578,246","49,579","2,288,919","236,101","1,357,279",41.1,39.1,0.3,13.9,0.6,4.7
3,Amhara,301,North Gonder,2011-12,"602,938","557,278","3,936","433,663","54,768","58,975",43.1,35,0.1,19.1,1,1.7
3,Amhara,302,South Gonder,2011-12,"433,855","428,987","2,181","314,319","43,715","104,751",32.6,44.6,0.1,18.1,0.9,3.6
3,Amhara,303,North Wolo,2011-12,"305,518","318,825","2,718","202,047","3,403","60,442",34.1,44,0.1,15.1,0.3,6.3
3,Amhara,304,South Wolo,2011-12,"529,641","535,802","27,632","378,959","4,590","118,677",33.8,43.4,1.1,16.7,0.1,4.8
3,Amhara,305,North Shewa,2011-12,"420,784","394,200","1,878","284,635","67,370","219,670",40.7,39.4,0.1,14.5,1.2,4
3,Amhara,306,East Gojam,2011-12,"519,329","507,278","7,568","137,048","7,727","335,895",44.6,43.9,0.3,4.9,0.2,6.1
3,Amhara,307,West Gojam,2011-12,"505,568","484,362","1,595","287,687","40,275","327,517",46.7,34.5,0.1,10,0.8,5.6
3,Amhara,308,Waghamera,2011-12,"100,823","97,756",140,"87,878","2,455","10,924",41.5,36,0.1,15.4,0.5,6.6
3,Amhara,309,Awi,2011-12,"202,365","178,548","1,300","111,292","10,392","103,762",58,23.5,0.1,10.7,0.5,7.3
3,Amhara,310,Oromia,2011-12,"77,864","69,989",612,"48,190","1,389","16,260",50.4,29.3,0.2,15.3,0.2,4.6
3,Amhara,312,Argoba Special Wereda,2011-12,"5,859","5,222",19,"3,201",18,407,47.2,35.2,0.1,14.6,0.1,3
4,Oromia,400,Oromia,2011-12,"5,047,628","4,053,562","60,196","744,809","426,247","1,602,749",66.6,25.1,0.2,2.7,1.2,4.2
4,Oromia,401,West Wellega,2011-12,"224,812","93,704",544,"1,245","4,805","78,756",86.9,7.6,0.1,0.1,0.4,5
4,Oromia,402,East Wellega,2011-12,"191,669","105,648",155,"10,792","3,456","57,847",85.5,9.6,,1.3,0.2,3.5
4,Oromia,403,Illubabor,2011-12,"245,861","138,133","1,247",178,"2,063","89,405",88.7,8.3,0.2,0,0.1,2.7
4,Oromia,404,Jimma,2011-12,"570,308","330,639",401,"5,631","10,628","168,588",87.4,9.6,,0.1,0.2,2.7
4,Oromia,405,West Shewa,2011-12,"454,738","375,212","4,052","101,282","23,444","177,413",73.3,19.4,0.1,3.4,0.5,3.3
4,Oromia,406,North Shewa,2011-12,"321,106","303,898","8,758","272,946","35,252","131,508",48.4,29,0.4,17.8,1,2.9
4,Oromia,407,East Shewa,2011-12,"215,951","207,579","2,446","20,078","58,706","73,399",44.9,42.7,0.3,1.5,3.7,6.9
4,Oromia,408,Arsi,2011-12,"471,064","452,166","3,321","46,201","67,025","139,641",57,35.9,0.1,1.4,1.7,3.8
4,Oromia,409,West Harerghe,2011-12,"294,685","319,506","2,549","35,103","12,667","171,736",39.4,46.1,0.2,2.1,0.7,11.5
4,Oromia,410,East Harerghe,2011-12,"440,142","519,927","28,676","77,035","71,541","193,529",33.1,54.1,1.2,2.8,2.5,6.4
4,Oromia,411,Bale,2011-12,"302,910","219,453","1,525","16,402","25,176","31,028",79.9,16.5,0.1,0.9,1.3,1.4
4,Oromia,412,Borena,2011-12,"166,343","71,680",796,"13,717","10,482","39,287",82.4,10.2,0.1,1.7,1.3,4.2
4,Oromia,413,South West Shewa,2011-12,"255,180","227,964",878,"60,302","27,329","88,703",61.4,28.6,0,3.7,1.3,4.9
4,Oromia,414,Guji,2011-12,"229,578","168,597",642,"33,264","16,015","63,443",73.2,18.6,0.1,2.7,1,4.3
4,Oromia,415,West Arsi,2011-12,"421,001","363,635","3,203","39,208","51,463","32,519",73.9,21.4,0.1,1.4,1.6,1.6
4,Oromia,416,Kelem Wellega,2011-12,"138,462","72,970",518,"2,517","4,647","33,117",84.1,11.6,0,0.4,0.5,3.3
4,Oromia,417,Horo Guduru Wellega,2011-12,"103,817","82,850",485,"8,908","1,548","32,830",78,16.7,0.1,1.2,0.2,3.8
5,Somali,500,Somali,2011-12,"116,007","66,691",541,"3,338","3,851","10,434",81,16.1,0.2,0.5,0.9,1.3
5,Somali,501,Shinele,2011-12,"10,695","4,030",51,179,662,"1,724",89.6,6.9,0,0.1,1.3,2.1
5,Somali,502,Jijiga,2011-12,"59,688","52,009",410,"1,794",464,"4,283",72.5,25.8,0.3,0.4,0.1,0.8
5,Somali,509,Liben,2011-12,"45,624","10,652",80,"1,365","2,725","4,427",90,5.6,0,0.7,1.8,1.8
6,Benshangul-Gumuz,600,Benshangul-Gumuz,2011-12,"168,833","81,055","1,389","24,067","9,472","45,864",81.7,9.2,0.1,1.9,0.9,6.3
6,Benshangul-Gumuz,602,Metekel,2011-12,"82,088","52,443",211,"18,864","5,321","14,166",79.9,12.4,0,3.2,0.8,3.8
6,Benshangul-Gumuz,603,Asosa,2011-12,"60,277","23,591","1,115","4,826","3,424","21,209",81,7.6,0.2,0.9,1.1,9.1
6,Benshangul-Gumuz,604,Kemeshi,2011-12,"16,034","1,457",-99,314,129,"5,625",91.2,1.7,,0.2,0.3,6.6
6,Benshangul-Gumuz,605,Mao Komo,2011-12,"10,433","3,563",63,63,598,"4,864",85.5,4.9,0.1,0,1,8.5
7,SNNP,700,SNNP,2011-12,"2,996,308","2,498,680","76,521","359,851","273,621","952,983",69.6,23.1,0.4,2.2,1.1,3.6
7,SNNP,701,Gurage,2011-12,"282,704","259,248","9,940","97,675","27,310","64,612",64.5,25.3,0.4,6.7,1.2,1.9
7,SNNP,702,Hadiya,2011-12,"254,327","243,855","6,897","46,277","19,695","122,218",59.4,28.6,0.4,3.6,1.1,6.9
7,SNNP,703,Kembata Tembaro,2011-12,"113,359","108,458","19,097","16,610","17,978","74,691",49.8,34.7,2.2,3.3,1.9,8.2
7,SNNP,704,Sidama,2011-12,"683,159","610,363","27,774","16,551","66,986","200,017",69.7,24.7,0.6,0.3,1.2,3.6
7,SNNP,705,Gedio,2011-12,"104,868","70,675",141,"1,821","5,313","30,758",81,15.1,0,0.5,0.5,2.9
7,SNNP,706,Wolayita,2011-12,"292,021","264,403","3,804","55,122","57,025","203,975",70,18.9,0.1,3.1,2.3,5.6
7,SNNP,707,South Omo,2011-12,"109,097","76,809","1,113",601,"1,831","20,291",80.4,15.2,0.4,0.1,0.3,3.7
7,SNNP,708,Shaka,2011-12,"38,397","14,195",74,-99,"8,247","2,607",93.7,3.9,0,,2,0.5
7,SNNP,709,Kaffa,2011-12,"198,028","65,750",617,424,"30,139","12,698",93.6,4.7,0.1,0,1.1,0.5
7,SNNP,710,Gamo Gofa,2011-12,"347,549","314,726",265,"35,543",911,"55,357",68,28.2,0,2.2,0.1,1.6
7,SNNP,711,Bench Maji,2011-12,"107,142","49,115",109,230,"21,614","5,679",90.2,7.4,,0,1.9,0.5
7,SNNP,712,Yem Sp. Wereda,2011-12,"17,073","15,904",58,"4,761",29,"6,632",75.3,17.9,0.1,3.3,0,3.4
7,SNNP,713,Amaro Sp. Wereda,2011-12,"36,147","33,620",-99,"3,142",154,"5,824",66.5,30,,1.8,0.2,1.6
7,SNNP,714,Burji Sp. Wereda,2011-12,"8,974","8,511",17,654,225,"1,462",68,28.2,0,1.1,0.6,2.1
7,SNNP,715,Konso Sp. Wereda,2011-12,"46,371","43,417",183,"4,965",-99,"25,659",58.7,32.6,0.2,1.5,,7.1
7,SNNP,716,Derashe Sp. Wereda,2011-12,"25,349","21,748",-99,-99,622,"7,694",64.6,31.3,,,0.8,3
7,SNNP,717,Dawro,2011-12,"75,302","62,167",527,"11,348","5,555","46,105",79.3,12.8,0.1,2.2,1.2,4.4
7,SNNP,718,Basketo Sp. Wereda,2011-12,"12,700","11,886",393,286,145,"2,231",67.4,27.9,0.7,0.5,0.2,3.4
7,SNNP,719,Konta Sp. Wereda,2011-12,"26,811","16,549",42,705,-99,"13,793",81.6,11.7,0.1,0.4,,6.2
7,SNNP,720,Silte,2011-12,"166,715","157,881","3,694","47,263","8,682","43,937",52.3,36.3,0.3,5.5,0.7,4.9
7,SNNP,721,Alaba Sp. Wereda,2011-12,"50,216","49,401","1,776","15,872","1,161","6,742",51.3,40.3,0.6,6.3,0.2,1.4
12,Gambela,1200,Gambela region,2011-12,"26,913","2,861",-99,27,650,194,97.3,2.3,,0,0.3,0.1
12,Gambela,1202,Agnuwak,2011-12,"4,015",336,-99,-99,39,36,97.4,1.8,,,0.2,0.1
12,Gambela,1203,Nuware,2011-12,"11,463",21,-99,-99,-99,-99,100,0,,,,
12,Gambela,1204,Mezhenger,2011-12,"8,314","2,473",-99,27,611,158,92.5,6.6,,0.1,0.7,0.2
12,Gambela,1201,Itang Special,2011-12,"3,120",31,-99,-99,-99,-99,100,0,,,,
13,Harari,1300,Harari,2011-12,"15,677","19,242","2,343","1,812","9,175","8,184",30.7,48.3,2.2,1.8,9.7,6.9
13,Harari,1301,Hundene,2011-12,"15,677","19,242","2,343","1,812","9,175","8,184",30.7,48.3,2.2,1.8,9.7,6.9
15,Dire Dawa,1500,Dire Dawa,2011-12,"21,651","20,630",749,82,"5,576","3,715",69.8,23.8,0.5,0.1,2.7,3
15,Dire Dawa,1501,Dire Dawa,2011-12,"21,651","20,630",749,82,"5,576","3,715",69.8,23.8,0.5,0.1,2.7,3
1,Tigray,100,Tigray,2012-13,"866,127","851,416","30,005","712,182","133,343","177,314",35.8,40.7,0.6,16.5,1.6,4.9
1,Tigray,107,North West Tigray,2012-13,"197,750","192,454","18,361","193,905","56,100","54,028",40.8,27.4,1.6,19.7,2.3,8.2
1,Tigray,102,Central Tigray,2012-13,"230,136","238,341","4,274","191,961","8,383","31,384",28,50.9,0.5,17.1,0.6,3
1,Tigray,103,Eastern Tigray,2012-13,"140,948","142,551","3,349","115,205","27,581","17,741",28.9,48.9,0.4,16.6,2.8,2.3
1,Tigray,104,Southern Tigray,2012-13,"207,101","196,495","3,018","137,415","23,116","42,347",37.7,44.9,0.2,11.7,0.9,4.7
1,Tigray,101,Western Tigray,2012-13,"90,193","81,576","1,004","73,696","18,162","31,815",52.4,21.2,0.2,17.8,2,6.5
2,Afar,200,Afar,2012-13,"111,767","40,465",168,"10,296","8,771","12,807",82.8,7.3,0,3.3,2.6,3.9
2,Afar,201,Zone 1,2012-13,"70,506","31,705",-99,"2,091","4,695","8,621",87,7.7,,0.9,2.1,2.3
2,Afar,203,Zone 3,2012-13,"41,261","8,760",168,"8,206","4,076","4,187",76.1,6.6,0.1,7.2,3.4,6.6
3,Amhara,300,Amhara,2012-13,"3,889,496","3,700,133","21,454","2,497,659","257,576","1,570,179",40.5,38.7,0.1,15,0.7,5
3,Amhara,301,North Gonder,2012-13,"617,026","562,182","8,580","484,410","66,916","59,428",40.4,36.5,0.3,20,1.3,1.6
3,Amhara,302,South Gonder,2012-13,"492,165","486,213","2,861","368,368","77,271","18,030",33.3,46.1,0.2,18.2,1.8,0.4
3,Amhara,303,North Wolo,2012-13,"285,072","284,049","1,376","184,161","6,072","28,255",35.9,42.5,0.1,15.3,0.3,5.9
3,Amhara,304,South Wolo,2012-13,"544,731","533,314","1,771","438,903","12,103","205,717",32.5,39.5,0,21.8,0.3,5.8
3,Amhara,305,North Shewa,2012-13,"432,067","401,929",266,"310,739","36,005","272,686",39.7,36.7,,17.3,0.9,5.5
3,Amhara,306,East Gojam,2012-13,"574,572","551,064","4,464","180,602","16,331","433,610",44.6,43,0.1,5.4,0.2,6.8
3,Amhara,307,West Gojam,2012-13,"542,106","522,350","1,193","279,891","36,222","397,296",44.6,36.8,0,9.6,0.5,8.4
3,Amhara,308,Waghamera,2012-13,"86,109","81,894",548,"67,798",147,"4,930",45.4,33.6,0.2,16.1,0,4.6
3,Amhara,309,Awi,2012-13,"233,611","201,945",267,"132,685","3,340","119,903",60,23.9,0,10,0.2,5.9
3,Amhara,310,Oromia,2012-13,"75,875","70,222",115,"46,992","3,157","29,014",44.9,32.3,0.1,14.7,0.7,7.4
3,Amhara,312,Argoba Special Wereda,2012-13,"6,162","4,970",12,"3,111",12,"1,309",41.2,33.1,0.1,15.6,,9.9
4,Oromia,400,Oromia,2012-13,"4,998,380","4,081,327","58,104","729,784","370,977","1,752,027",65.3,26,0.2,2.6,0.9,5
4,Oromia,401,West Wellega,2012-13,"239,968","136,275","1,950","2,336","2,273","63,056",85.5,11,0.1,0.2,0.1,3.2
4,Oromia,402,East Wellega,2012-13,"159,564","104,199",646,"3,356","1,195","57,104",83.9,11.9,0,0.3,0.1,3.8
4,Oromia,403,Illubabor,2012-13,"260,745","147,690","1,377","3,363","8,798","65,485",86.7,9.7,0.1,0.2,0.7,2.7
4,Oromia,404,Jimma,2012-13,"551,230","315,039",302,"3,373",699,"116,774",89.6,8.6,,0.1,0.1,1.7
4,Oromia,405,West Shewa,2012-13,"403,170","340,080","4,321","103,545","7,646","198,861",69.5,21.8,0.1,3.6,0.2,4.7
4,Oromia,406,North Shewa,2012-13,"324,128","296,956","2,109","267,392","30,694","161,421",48.4,28.6,0.1,18.2,0.8,3.9
4,Oromia,407,East Shewa,2012-13,"247,774","246,341",663,"22,357","77,789","82,922",41.5,49.7,0,1.2,3.4,4.3
4,Oromia,408,Arsi,2012-13,"521,532","489,613","3,267","58,654","81,478","208,523",51.9,38.6,0.1,1.8,1.8,5.9
4,Oromia,409,West Harerghe,2012-13,"280,725","288,892","4,366","49,275","22,204","225,363",37.1,40.3,0.2,2.9,1,18.4
4,Oromia,410,East Harerghe,2012-13,"387,208","466,466","24,690","64,749","35,604","209,931",33.6,52.7,1.1,2.9,1.4,8.3
4,Oromia,411,Bale,2012-13,"288,750","242,958",413,"11,258","30,197","21,195",76.2,20.7,0,0.6,1.4,1.1
4,Oromia,412,Borena,2012-13,"143,062","77,228",294,"4,954",992,"39,942",82.7,13.2,0,0.4,0.1,3.6
4,Oromia,413,South West Shewa,2012-13,"300,156","270,939","12,061","62,544","22,383","112,793",61.8,28.9,0.5,3.3,1.1,4.4
4,Oromia,414,Guji,2012-13,"230,770","153,722",-99,"6,601",393,"68,192",78.4,14.8,,0.5,0.1,6.2
4,Oromia,415,West Arsi,2012-13,"404,610","340,964",308,"50,191","42,189","44,432",72.4,22.2,0,2,1.3,2.2
4,Oromia,416,Kelem Wellega,2012-13,"154,644","84,781","1,145","4,344","5,339","42,881",83.7,11.5,0.1,0.5,0.4,3.9
4,Oromia,417,Horo Guduru Wellega,2012-13,"100,345","79,184",191,"11,494","1,105","33,152",76.4,17.5,0,2.1,0.1,3.8
5,Somali,500,Somali,2012-13,"140,066","100,820",982,"4,763","3,952","6,194",75.8,22.3,0.1,0.6,0.5,0.8
5,Somali,501,Shinele,2012-13,"11,835","5,211",52,191,"3,368",646,87.1,7.7,0.1,0.1,4.2,0.8
5,Somali,502,Jijiga,2012-13,"79,742","72,774",-99,"3,335",502,462,68.3,30.5,,0.6,0.2,0.4
5,Somali,509,Liben,2012-13,"48,488","22,835",930,"1,237",82,"5,086",85.5,12.2,0.2,0.6,0,1.4
6,Benshangul-Gumuz,600,Benshangul-Gumuz,2012-13,"165,453","76,824",873,"24,796","3,303","46,024",81.5,8.3,0.1,2.2,0.4,7.6
6,Benshangul-Gumuz,602,Metekel,2012-13,"79,977","44,978",313,"20,239",971,"21,662",79.6,10.7,0.1,3.7,0.3,5.7
6,Benshangul-Gumuz,603,Asosa,2012-13,"58,364","24,935",460,"4,173",649,"20,757",79.3,6.9,0,1.1,0.3,12.4
6,Benshangul-Gumuz,604,Kemeshi,2012-13,"16,207","3,488",36,159,792,"1,260",94.1,3.7,0,0.1,1.2,0.9
6,Benshangul-Gumuz,605,Mao Komo,2012-13,"10,905","3,423",64,225,891,"2,345",89.9,5.3,0.1,0.3,1.2,3.1
7,SNNP,700,SNNP,2012-13,"3,092,482","2,569,115","72,225","370,509","240,665","1,023,617",69.8,23,0.3,2.1,0.9,4
7,SNNP,701,Gurage,2012-13,"278,511","263,635","4,938","95,652","30,657","62,423",60.2,29.7,0.3,6.6,1.4,1.9
7,SNNP,702,Hadiya,2012-13,"267,839","258,933","17,305","39,012","14,091","129,406",57.9,30.6,0.7,2.4,0.6,7.9
7,SNNP,703,Kembata Tembaro,2012-13,"135,552","130,557","25,471","25,345","33,830","88,774",49.6,32.7,2.6,2.8,3.1,9.3
7,SNNP,704,Sidama,2012-13,"694,862","601,563","12,740","14,232","47,628","202,991",71.2,22.9,0.2,0.4,0.9,4.4
7,SNNP,705,Gedio,2012-13,"107,423","71,398",401,201,"5,687","30,060",78.9,18.3,0,0.1,0.7,2
7,SNNP,706,Wolayita,2012-13,"317,997","307,616","6,055","77,728","69,033","233,643",68.4,18.3,0.1,3.8,2.3,7.1
7,SNNP,707,South Omo,2012-13,"118,589","76,435",496,"1,668",511,"19,997",80.8,16,0.1,0.2,0.1,2.9
7,SNNP,708,Shaka,2012-13,"41,559","6,016",-99,272,"2,921","3,617",97,2.2,,0,0.3,0.5
7,SNNP,709,Kaffa,2012-13,"208,933","47,701",-99,746,"16,486","23,433",96.7,2.3,,0,0.5,0.5
7,SNNP,710,Gamo Gofa,2012-13,"361,690","340,153",-99,"30,694",281,"48,179",71.3,25.6,,1.7,0,1.5
7,SNNP,711,Bench Maji,2012-13,"95,706","45,312",297,190,"10,572","19,369",92.2,5.4,0,0,1,1.4
7,SNNP,712,Yem Sp. Wereda,2012-13,"20,052","17,859",235,"8,184",79,"5,785",69.9,21.3,0.1,6,0.1,2.5
7,SNNP,717,Dawro,2012-13,"74,346","64,601",152,"8,315","1,691","40,742",77.9,16.4,0,1.7,0.1,3.9
7,SNNP,718,Basketo Sp. Wereda,2012-13,"16,858","14,790",139,710,404,"3,196",72.8,23.7,0.1,0.9,0.3,2.3
7,SNNP,719,Konta Sp. Wereda,2012-13,"29,703","21,515",-99,"1,188",208,"10,704",81.3,14.8,,0.6,0.1,3.3
7,SNNP,720,Silte,2012-13,"173,804","172,168","2,850","44,157","4,996","55,536",48.6,42.7,0.2,4.1,0.3,4.2
7,SNNP,721,Alaba Sp. Wereda,2012-13,"49,391","47,981","1,010","17,389","1,362","7,901",51.8,39.4,0.2,6.4,0.3,1.8
7,SNNP,722,Segen People,2012-13,"99,666","80,882",138,"4,827",230,"37,862",69.8,24.4,0,0.9,0.1,4.8
12,Gambela,1200,Gambela region,2012-13,"32,625","3,026",67,230,723,"2,351",95.9,2.5,0,0.1,0.3,1.3
12,Gambela,1202,Agnuwak,2012-13,"7,835",928,67,-99,30,151,97.6,1.9,0.2,,0.1,0.2
12,Gambela,1203,Nuware,2012-13,"13,412",11,-99,-99,-99,-99,100,0,,,,
12,Gambela,1204,Mezhenger,2012-13,"10,697","2,086",-99,230,693,"2,200",89.2,6.1,,0.2,0.9,3.7
12,Gambela,1201,Itang Special,2012-13,680,-99,-99,-99,-99,-99,100,,,,,
13,Harari,1300,Harari,2012-13,"17,315","21,441","4,993",139,"9,842","6,879",31.1,49.3,4.5,0.2,11.7,3.3
13,Harari,1301,Hundene,2012-13,"17,315","21,441","4,993",139,"9,842","6,879",31.1,49.3,4.5,0.2,11.7,3.3
15,Dire Dawa,1501,Dire Dawa,2012-13,"24,503","22,193",656,225,"8,658","4,666",67.4,24.3,0.5,0.2,5,2.6
15,Dire Dawa,1501,Dire Dawa,2012-13,"24,503","22,193",656,225,"8,658","4,666",67.4,24.3,0.5,0.2,5,2.6
1,Tigray,100,Tigray,2013-14,"939,089","912,831","13,369","724,366","201,434","228,418",38.2,39.9,0.2,14.8,2.5,4.5
1,Tigray,107,North West Tigray,2013-14,"264,038","258,368","1,690","237,228","54,306","118,689",45.5,29.7,0.1,17.6,1.4,5.8
1,Tigray,102,Central Tigray,2013-14,"215,491","227,005","2,680","178,280","34,264","12,990",27.5,51.3,0.2,16.5,2.1,2.4
1,Tigray,103,Eastern Tigray,2013-14,"152,600","148,701","4,907","100,873","36,801","35,381",28.9,49.3,0.3,12,3.6,5.9
1,Tigray,104,Southern Tigray,2013-14,"202,607","183,531","3,622","124,552","46,135","31,269",42.2,41.7,0.3,9.4,3,3.3
1,Tigray,101,Western Tigray,2013-14,"104,353","95,226",469,"83,432","29,928","30,089",50,22.6,0.1,18.1,2.9,6.3
2,Afar,200,Afar,2013-14,"205,377","67,757",186,"21,180","13,588","20,485",84.6,7.4,,3.2,2.3,2.5
2,Afar,201,Zone 1,2013-14,"134,513","48,752",186,"10,388","8,530","6,882",88,7.2,0,2.1,2,0.8
2,Afar,203,Zone 3,2013-14,"70,864","19,005",-99,"10,792","5,058","13,602",78.5,7.9,,5.2,2.8,5.6
3,Amhara,300,Amhara,2013-14,"3,978,538","3,825,158","39,700","2,640,355","258,976","1,705,290",37.9,39.2,0.2,15.8,0.7,6.2
3,Amhara,301,North Gonder,2013-14,"683,672","649,243","19,056","577,464","43,437","133,418",35.7,36.5,0.4,22.7,0.6,4.2
3,Amhara,302,South Gonder,2013-14,"510,670","497,826","5,631","375,146","28,442","70,092",31.6,47.1,0.2,18.6,0.5,2
3,Amhara,303,North Wolo,2013-14,"273,757","272,089","2,035","194,089","7,803","49,017",33.2,40.4,0.1,17.6,0.5,8.3
3,Amhara,304,South Wolo,2013-14,"530,964","532,021","7,110","434,841","10,419","155,433",30.8,41.4,0.1,21.4,0.3,6
3,Amhara,305,North Shewa,2013-14,"464,773","443,744","1,793","311,141","46,421","297,999",38.7,38.5,0.1,15.4,1.2,6.3
3,Amhara,306,East Gojam,2013-14,"559,291","528,121",996,"164,926","31,014","425,132",44.6,42.4,0,5,0.7,7.4
3,Amhara,307,West Gojam,2013-14,"556,739","539,876","2,001","319,535","71,391","409,163",39.4,37.6,0.1,11.2,1.2,10.6
3,Amhara,308,Waghamera,2013-14,"92,475","90,495",-99,"62,610","1,865","8,968",44.3,35.9,,13,0.3,6.4
3,Amhara,309,Awi,2013-14,"215,970","195,579",587,"144,876","6,913","137,480",55.6,26,0,12.1,0.2,6
3,Amhara,310,Oromia,2013-14,"84,397","71,238",482,"51,634","11,129","17,926",48.7,28.4,0.1,14.8,2,6
3,Amhara,312,Argoba Special Wereda,2013-14,"5,830","4,925",9,"4,094",142,663,49.5,27.6,0,18,0.4,4.5
4,Oromia,400,Oromia,2013-14,"5,189,762","4,178,586","62,912","757,434","500,654","1,858,926",65.5,25.3,0.2,3,1.3,4.8
4,Oromia,401,West Wellega,2013-14,"253,328","135,780",262,"1,639","3,744","65,269",86.8,9.9,0,0.1,0.2,3.1
4,Oromia,402,East Wellega,2013-14,"159,375","117,044",358,"4,814","4,014","47,215",82.4,13.5,0.1,0.5,0.2,3.2
4,Oromia,403,Illubabor,2013-14,"257,975","126,351",657,"2,030","3,218","98,392",87.7,9.1,0,0.1,0.2,3
4,Oromia,404,Jimma,2013-14,"585,962","360,043",412,"3,685","8,223","136,862",88.2,8.9,0,0.1,0.3,2.5
4,Oromia,405,West Shewa,2013-14,"417,584","359,238","2,957","93,007","20,234","237,277",69.3,22.5,0.1,2.9,0.4,4.9
4,Oromia,406,North Shewa,2013-14,"330,338","313,835","9,248","283,107","44,543","145,966",44,29.7,0.4,20.8,1.4,3.8
4,Oromia,407,East Shewa,2013-14,"258,315","245,907",464,"21,676","97,628","74,014",43.5,46.5,0,1.4,4.9,3.6
4,Oromia,408,Arsi,2013-14,"542,613","507,627","1,347","51,937","81,598","224,751",54.7,35,0,1.6,1.7,7
4,Oromia,409,West Harerghe,2013-14,"298,771","297,622","3,946","66,862","41,071","238,963",38.2,39.1,0.3,5.1,1.7,15.6
4,Oromia,410,East Harerghe,2013-14,"402,405","439,543","37,302","70,913","52,350","207,730",35.8,49.5,1.5,2.8,1.8,8.7
4,Oromia,411,Bale,2013-14,"283,522","214,351",970,"9,024","30,318","16,758",78.7,18.3,0.1,0.4,1.4,1.2
4,Oromia,412,Borena,2013-14,"165,876","76,762",519,"8,326",659,"52,359",85.8,9.6,0,1.3,0,3.3
4,Oromia,413,South West Shewa,2013-14,"291,368","263,956",172,"64,653","24,217","108,816",58.5,32.8,0,3.5,1.2,4
4,Oromia,414,Guji,2013-14,"262,756","187,658","1,811","13,171","9,808","82,684",75.7,17.7,0.2,0.9,1,4.5
4,Oromia,415,West Arsi,2013-14,"409,700","350,626",698,"36,616","70,804","41,376",67.9,26.3,0,1.4,2.7,1.6
4,Oromia,416,Kelem Wellega,2013-14,"165,678","100,521","1,315","16,270","7,921","54,580",78.5,12.3,0.2,4.5,0.5,4.1
4,Oromia,417,Horo Guduru Wellega,2013-14,"104,197","81,720",474,"9,702",306,"25,914",79.2,17,0.1,1.3,0,2.4
5,Somali,500,Somali,2013-14,"162,204","98,347",-99,"8,230","1,893","14,502",82.5,15.3,,0.8,0.1,1.3
5,Somali,501,Shinele,2013-14,"9,587","3,701",-99,110,768,"1,229",88.1,9.1,,0.1,0.8,2
5,Somali,502,Jijiga,2013-14,"90,855","81,376",-99,"6,983","1,124","2,011",74.6,24,,1.2,0.1,0.2
5,Somali,509,Liben,2013-14,"61,762","13,270",-99,"1,136",-99,"11,261",93.2,3.4,,0.4,,3
6,Benshangul-Gumuz,600,Benshangul-Gumuz,2013-14,"160,771","69,922",542,"24,091","2,738","46,464",81.6,8.9,0.1,2.7,0.3,6.4
6,Benshangul-Gumuz,602,Metekel,2013-14,"77,192","46,956",482,"18,501",742,"19,379",77.1,13.8,0.1,4.6,0.2,4.2
6,Benshangul-Gumuz,603,Asosa,2013-14,"58,990","16,485",-99,"5,295",467,"23,984",82.8,4.9,,1.4,0.1,10.8
6,Benshangul-Gumuz,604,Kemeshi,2013-14,"14,883","3,919",-99,-99,80,"1,141",96.2,2.8,,,0.1,0.9
6,Benshangul-Gumuz,605,Mao Komo,2013-14,"9,706","2,562",59,295,"1,449","1,959",87.5,4.1,0.1,0.5,3,4.9
7,SNNP,700,SNNP,2013-14,"3,136,660","2,635,937","102,288","353,680","272,938","1,136,440",69.6,23.2,0.4,1.8,1.2,3.8
7,SNNP,701,Gurage,2013-14,"249,296","230,110","3,657","76,983","35,209","90,191",58.3,29.9,0.1,5,1.8,4.9
7,SNNP,702,Hadiya,2013-14,"267,722","257,007","15,139","45,641","22,026","128,964",61.5,27.8,0.5,3.1,0.8,6.4
7,SNNP,703,Kembata Tembaro,2013-14,"135,532","130,121","31,160","15,254","33,956","93,955",55.5,29.5,2.7,1.9,2.5,8
7,SNNP,704,Sidama,2013-14,"727,887","644,798","30,400","29,078","93,479","239,713",68.2,24.9,0.6,0.6,2.3,3.4
7,SNNP,705,Gedio,2013-14,"101,694","77,983",-99,"1,200","1,957","14,104",79.2,19,,0.2,0.4,1.2
7,SNNP,706,Wolayita,2013-14,"318,734","298,274","12,189","70,363","61,408","210,893",69.9,19.7,0.4,3.5,2,4.4
7,SNNP,707,South Omo,2013-14,"185,290","148,317",374,800,-99,"28,190",79.1,18.9,0,0.1,,1.9
7,SNNP,708,Shaka,2013-14,"42,170","7,072",-99,-99,337,"14,460",96.9,1.4,,,0.1,1.7
7,SNNP,709,Kaffa,2013-14,"212,154","49,583",-99,411,"1,885","66,253",95.2,2.5,,0.1,0,2.1
7,SNNP,710,Gamo Gofa,2013-14,"358,092","341,731",-99,"25,057","3,374","65,955",69.7,27.4,,1.2,0.1,1.7
7,SNNP,711,Bench Maji,2013-14,"95,222","42,953",84,335,"1,116","26,302",88.6,6.3,0,0.1,0.2,4.9
7,SNNP,712,Yem Sp. Wereda,2013-14,"19,857","17,719",295,"6,971",30,"6,112",69.7,22.4,0.1,4.8,0,3
7,SNNP,717,Dawro,2013-14,"64,808","57,691",459,"10,359","3,167","48,578",73.9,16.5,0.1,2.2,0.8,6.6
7,SNNP,718,Basketo Sp. Wereda,2013-14,"18,093","17,217",963,716,"1,570","3,697",64.4,29.8,0.7,0.7,1.3,3.1
7,SNNP,719,Konta Sp. Wereda,2013-14,"27,949","22,424",895,"3,530",810,"6,381",75.2,17.9,0.4,2.5,0.4,3.6
7,SNNP,720,Silte,2013-14,"163,500","156,008","4,825","50,292","9,686","44,593",54.1,35.2,0.5,4.6,1.1,4.5
7,SNNP,721,Alaba Sp. Wereda,2013-14,"48,926","48,070","1,728","14,678","2,650","13,172",55.5,35.8,0.3,5.5,0.6,2.4
7,SNNP,722,Segen People,2013-14,"99,735","88,861",120,"2,013",278,"34,927",66.1,28.9,0.1,0.3,0,4.6
12,Gambela,1200,Gambela region,2013-14,"35,142","4,234",-99,-99,304,"11,088",84.7,2.3,,,0.1,12.9
12,Gambela,1202,Agnuwak,2013-14,"9,798","1,546",-99,-99,-99,"2,171",89.1,3,,,,7.9
12,Gambela,1203,Nuware,2013-14,"14,071","1,072",-99,-99,-99,77,98.5,1.4,,,,0.1
12,Gambela,1204,Mezhenger,2013-14,"10,275","1,585",-99,-99,304,"8,796",65.4,2.8,,,0.4,31.5
12,Gambela,1201,Itang Special,2013-14,998,31,-99,-99,-99,44,99.3,0.3,,,,0.4
13,Harari,1300,Harari,2013-14,"21,801","22,782","4,524",328,"9,345","9,549",36.8,45.1,4.1,0.4,9.6,4.1
13,Harari,1301,Hundene,2013-14,"21,801","22,782","4,524",328,"9,345","9,549",36.8,45.1,4.1,0.4,9.6,4.1
15,Dire Dawa,1501,Dire Dawa,2013-14,"24,276","22,919",700,318,"9,329","4,471",66.5,24.4,0.4,0.2,5.2,3.3
15,Dire Dawa,1501,Dire Dawa,2013-14,"24,276","22,919",700,318,"9,329","4,471",66.5,24.4,0.4,0.2,5.2,3.3
1,Tigray,100,Tigray,2014-15,"1,040,962","993,264","39,390","818,358","307,491","293,516",39.4,38.6,0.6,14.3,3.3,3.9
1,Tigray,107,North West Tigray,2014-15,"313,662","302,390","14,545","260,585","146,142","179,585",45.6,27.9,0.6,13.8,4.6,7.4
1,Tigray,102,Central Tigray,2014-15,"247,091","250,907","5,737","206,972","33,208","15,449",29.6,51.5,0.3,16.5,1.5,0.6
1,Tigray,103,Eastern Tigray,2014-15,"152,157","143,141","4,647","116,944","45,010","7,508",28.7,49.9,0.7,14.2,5.9,0.7
1,Tigray,104,Southern Tigray,2014-15,"216,228","204,952","6,331","141,974","46,807","33,141",39.3,43,0.6,12.5,2.3,2.5
1,Tigray,101,Western Tigray,2014-15,"111,824","91,874","8,130","91,882","36,325","57,833",58.7,15.2,0.8,14.3,2.2,8.8
2,Afar,200,Afar,2014-15,"249,391","82,174","1,054","17,951","28,582","25,856",87,7.3,0,1,2.7,2.1
2,Afar,201,Zone 1,2014-15,"156,333","52,918",816,"12,824","15,998","9,499",89.1,6.5,0,0.7,2.2,1.5
2,Afar,203,Zone 3,2014-15,"93,059","29,256",238,"5,127","12,585","16,357",83.6,8.6,0,1.4,3.5,3
3,Amhara,300,Amhara,2014-15,"4,154,175","3,988,398","59,451","2,688,942","312,566","1,706,010",37.6,39.8,0.2,15.4,0.8,6.2
3,Amhara,301,North Gonder,2014-15,"713,102","670,446","15,258","590,221","81,401","37,701",39.3,36.3,0.2,22.3,1.1,0.9
3,Amhara,302,South Gonder,2014-15,"504,694","507,147","14,401","378,614","89,045","47,568",29.2,47.8,0.3,20.2,1.5,1
3,Amhara,303,North Wolo,2014-15,"279,815","282,272","8,305","158,486","6,633","42,095",34,45.2,0.5,12.3,0.4,7.6
3,Amhara,304,South Wolo,2014-15,"598,355","584,874","12,547","470,325","14,333","139,519",28.9,41.9,0.4,20.9,0.5,7.4
3,Amhara,305,North Shewa,2014-15,"467,083","452,137","1,849","333,579","39,035","289,817",35.9,41.9,0.1,16.3,1.1,4.7
3,Amhara,306,East Gojam,2014-15,"571,189","544,787","2,551","166,745","5,906","441,497",40.8,42.8,0.1,5.8,0.1,10.5
3,Amhara,307,West Gojam,2014-15,"603,232","562,794",713,"314,663","63,429","528,967",44.7,34.5,0,8.7,0.9,11.2
3,Amhara,308,Waghamera,2014-15,"98,992","98,618","1,149","80,205","1,129","19,167",36.3,38.6,0.3,14.2,0.2,10.4
3,Amhara,309,Awi,2014-15,"223,012","200,215","2,248","134,887","4,083","140,663",55.4,26.5,0.1,10.6,0.2,7.2
3,Amhara,310,Oromia,2014-15,"89,105","79,822",432,"57,149","7,561","18,677",46.6,29.8,0,16.7,1.3,5.6
3,Amhara,312,Argoba Special Wereda,2014-15,"5,597","5,287",-99,"4,069",11,340,45.5,29.2,,20.2,0.1,5.1
4,Oromia,400,Oromia,2014-15,"5,270,225","4,299,196","79,640","801,266","462,522","1,750,664",65.2,26.2,0.2,2.9,1.1,4.4
4,Oromia,401,West Wellega,2014-15,"244,553","116,904",427,"1,987","3,007","51,469",88,9.2,0,0.1,0.3,2.4
4,Oromia,402,East Wellega,2014-15,"173,242","120,559",571,"1,652",449,"54,240",82.7,13.6,0.1,0.1,0,3.4
4,Oromia,403,Illubabor,2014-15,"267,484","136,711",755,467,"6,088","69,851",87.9,8.7,0,0,0.4,2.9
4,Oromia,404,Jimma,2014-15,"555,399","341,332",400,"11,127","11,786","139,319",88.2,8.8,0,0.2,0.3,2.5
4,Oromia,405,West Shewa,2014-15,"435,105","369,949","5,392","92,096","28,108","217,035",67.5,23.4,0.2,3.3,0.6,5
4,Oromia,406,North Shewa,2014-15,"351,355","326,572","7,806","289,373","45,869","154,172",45.4,30.5,0.2,18.5,1.3,4
4,Oromia,407,East Shewa,2014-15,"263,600","252,077","7,288","28,532","105,058","53,169",46,43.9,0.4,1.7,5.4,2.5
4,Oromia,408,Arsi,2014-15,"558,640","514,537","5,328","75,817","82,953","126,116",56.1,35.5,0.1,2.9,2.1,3.2
4,Oromia,409,West Harerghe,2014-15,"291,222","313,492","1,015","54,674","29,029","275,370",34.9,42.2,0.1,3.6,1.5,17.6
4,Oromia,410,East Harerghe,2014-15,"403,552","444,132","35,139","88,556","30,817","227,726",37.6,48.5,1.4,3.3,1,8.2
4,Oromia,411,Bale,2014-15,"285,252","230,378","1,125","10,190","23,814","8,509",77.2,20.9,0.1,0.5,0.8,0.5
4,Oromia,412,Borena,2014-15,"159,091","95,418","5,475","24,597","9,077","54,063",78.9,12.9,0.5,2.2,0.8,4.8
4,Oromia,413,South West Shewa,2014-15,"300,024","259,587","5,902","63,956","24,548","98,259",60.2,32.5,0.2,3.4,0.8,3
4,Oromia,414,Guji,2014-15,"281,300","209,127",985,"11,538","4,829","111,199",76.2,17.1,0.1,0.8,0.2,5.7
4,Oromia,415,West Arsi,2014-15,"422,689","383,779","1,857","30,738","53,501","55,480",64.6,31.3,0.1,0.9,1.6,1.5
4,Oromia,416,Kelem Wellega,2014-15,"175,653","106,523",-99,"5,666","3,165","36,357",83,13.4,,0.5,0.2,2.9
4,Oromia,417,Horo Guduru Wellega,2014-15,"102,065","78,119",175,"10,300",425,"18,328",78.2,18,0,1.9,0.1,1.8
5,Somali,500,Somali,2014-15,"144,622","90,416",822,"7,894","3,756","4,542",84.9,13.2,0.1,1.3,0.3,0.3
5,Somali,501,Shinele,2014-15,"7,597","3,876",-99,33,177,568,88.7,9.8,,0.1,0.3,1.1
5,Somali,502,Jijiga,2014-15,"79,617","69,555",-99,"3,948",516,"1,489",80.4,18.4,,0.8,0.1,0.3
5,Somali,509,Liben,2014-15,"57,408","16,984",822,"3,913","3,063","2,485",90.5,6.3,0.2,2.1,0.6,0.2
6,Benshangul-Gumuz,600,Benshangul-Gumuz,2014-15,"172,871","94,107","1,572","32,376","7,643","38,328",84,9.4,0.2,3.5,0.8,2.2
6,Benshangul-Gumuz,602,Metekel,2014-15,"96,824","65,131",582,"22,343",531,"19,533",82.6,11.2,0.1,4.5,0.2,1.5
6,Benshangul-Gumuz,603,Asosa,2014-15,"53,926","21,769",802,"9,430","5,616","16,271",83,8.2,0.5,3,1.7,3.7
6,Benshangul-Gumuz,604,Kemeshi,2014-15,"14,803","5,070",24,231,780,"1,575",93.9,4.1,0.1,0.3,0.4,1.4
6,Benshangul-Gumuz,605,Mao Komo,2014-15,"7,318","2,136",165,373,716,948,89.9,5.3,0.4,1.1,1.7,1.7
7,SNNP,700,SNNP,2014-15,"3,165,339","2,677,477","120,624","537,366","258,956","1,006,177",66.8,24.3,0.5,3.2,1.1,4.2
7,SNNP,701,Gurage,2014-15,"247,512","229,714","5,410","105,895","36,600","57,889",55.1,31.8,0.4,7.7,2.2,2.8
7,SNNP,702,Hadiya,2014-15,"274,404","258,245","10,902","71,883","15,521","131,405",56.9,28.7,0.5,4.8,1.1,8.1
7,SNNP,703,Kembata Tembaro,2014-15,"132,603","125,330","43,053","25,850","37,303","88,944",48.4,30.7,3.9,3,2.8,11.2
7,SNNP,704,Sidama,2014-15,"731,780","649,341","25,217","41,677","67,047","226,438",66.6,25.6,0.5,1.3,1.3,4.8
7,SNNP,705,Gedio,2014-15,"121,569","88,719",-99,"1,749","4,838","5,869",75.5,22.9,,0.4,0.8,0.4
7,SNNP,706,Wolayita,2014-15,"300,117","278,510","16,451","97,370","59,603","159,046",64.2,22.3,0.4,6.1,2.3,4.7
7,SNNP,707,South Omo,2014-15,"203,623","162,026","5,029","35,032","1,927","22,070",77.3,17.3,0.2,3.3,0.2,1.6
7,SNNP,708,Shaka,2014-15,"42,579","8,146",-99,-99,230,"12,706",96.3,2,,,0,1.7
7,SNNP,709,Kaffa,2014-15,"204,934","69,483",391,"2,663","1,671","49,376",94.1,4,0,0.2,0.1,1.6
7,SNNP,710,Gamo Gofa,2014-15,"357,454","344,887","3,337","58,835","2,250","107,708",63.7,27.9,0.2,3.9,0,4.3
7,SNNP,711,Bench Maji,2014-15,"103,754","51,314",143,-99,706,"34,297",89.6,6.7,0,,0,3.7
7,SNNP,712,Yem Sp. Wereda,2014-15,"19,823","17,468",188,"6,654",35,"4,100",71.5,21.9,0.2,4.5,0,1.9
7,SNNP,717,Dawro,2014-15,"67,755","58,778",876,"16,519",337,"37,341",76.9,15.8,0.3,3.2,0.1,3.9
7,SNNP,718,Basketo Sp. Wereda,2014-15,"16,135","15,267",64,"1,312",57,"3,283",68.8,27.1,0.1,1.3,0.1,2.7
7,SNNP,719,Konta Sp. Wereda,2014-15,"28,702","24,302",40,"2,960","1,171","6,323",80,14.8,0,1.1,0.3,4
7,SNNP,720,Silte,2014-15,"161,652","154,496","7,299","50,132","25,213","25,210",47.6,41.6,0.6,5.3,2.3,2.5
7,SNNP,721,Alaba Sp. Wereda,2014-15,"44,755","44,433","2,005","14,342","3,489","7,925",51.1,40.7,0.6,5,1.2,1.4
7,SNNP,722,Segen People,2014-15,"106,187","97,019",221,"4,492",958,"26,246",68.6,27,0,0.8,0.1,3.4
12,Gambela,1200,Gambela region,2014-15,"33,502","5,512",-99,-99,377,"10,028",84.9,3.2,,,0.2,11.8
12,Gambela,1202,Agnuwak,2014-15,"9,241","3,927",-99,-99,74,"1,232",89.5,8.3,,,0.2,2
12,Gambela,1203,Nuware,2014-15,"12,953",-99,-99,-99,-99,-99,100,,,,,
12,Gambela,1204,Mezhenger,2014-15,"10,275","1,585",-99,-99,304,"8,796",65.4,2.8,,,0.4,31.5
12,Gambela,1201,Itang Special,2014-15,"1,033",-99,-99,-99,-99,-99,100,,,,,
13,Harari,1300,Harari,2014-15,"20,378","23,819","5,939","1,232","9,457","5,153",30.6,51.1,6,0.9,9.2,2.2
13,Harari,1301,Hundene,2014-15,"20,378","23,819","5,939","1,232","9,457","5,153",30.6,51.1,6,0.9,9.2,2.2
15,Dire Dawa,1501,Dire Dawa,2014-15,"27,113","22,384",537,"1,276","11,089",573,71,21.5,0.1,1,6.1,0.3
15,Dire Dawa,1501,Dire Dawa,2014-15,"27,113","22,384",537,"1,276","11,089",573,71,21.5,0.1,1,6.1,0.3
1,Tigray,100,Tigray,2016-17,"1,107,281","1,080,037","9,506","840,423","361,682","446,130",38,41.5,0.2,12.5,3.2,4.7
1,Tigray,107,North West Tigray,2016-17,"337,292","334,692","4,199","289,674","153,960","274,555",44.5,32.1,0.3,12.3,2.2,8.6
1,Tigray,102,Central Tigray,2016-17,"268,356","267,117",712,"203,575","34,955","48,351",31.8,51.7,0.1,13.5,1.6,1.4
1,Tigray,103,Eastern Tigray,2016-17,"168,939","165,888","2,555","110,656","68,557","40,191",26.5,49.8,0.3,11.3,6.8,5.2
1,Tigray,104,Southern Tigray,2016-17,"218,347","207,236","1,252","140,602","70,772","26,317",35.2,49,0.1,10.5,4.1,1
1,Tigray,101,Western Tigray,2016-17,"114,347","105,104",787,"95,915","33,438","56,716",54.6,20.8,0.1,15.8,2.9,5.9
2,Afar,200,Afar,2016-17,"235,852","97,654","1,267","40,392","35,561","15,982",82.4,8.2,0.1,3.7,2.4,3.2
2,Afar,201,Zone 1,2016-17,"156,872","67,581",945,"17,458","21,687","13,190",81.6,8.8,0.1,2.6,2.3,4.6
2,Afar,203,Zone 3,2016-17,"78,980","30,073",323,"22,934","13,874","2,792",84,7.1,0.1,5.8,2.7,0.4
3,Amhara,300,Amhara,2016-17,"4,389,075","4,262,431","67,169","2,787,944","456,295","1,967,661",35.5,41.8,0.2,14.1,1,7.3
3,Amhara,301,North Gonder,2016-17,"813,819","760,367","32,208","592,158","113,785","138,442",39.7,38.4,0.4,18.1,1.3,2.1
3,Amhara,302,South Gonder,2016-17,"534,765","527,686","2,579","413,415","149,728","59,987",30,47.5,0.1,19.1,2.2,1.1
3,Amhara,303,North Wolo,2016-17,"296,722","309,017","4,672","185,774","6,970","61,110",30.1,45.3,0.3,15.2,0.4,8.7
3,Amhara,304,South Wolo,2016-17,"626,498","617,280","2,882","474,758","38,681","155,711",29,43.3,0.1,17.7,0.9,9
3,Amhara,305,North Shewa,2016-17,"444,403","462,678","3,113","337,986","57,641","319,866",31.6,45.8,0.1,15.8,1.5,5.3
3,Amhara,306,East Gojam,2016-17,"578,554","569,788","4,445","179,674","14,324","518,164",36.8,45.8,0.1,5.1,0.2,12
3,Amhara,307,West Gojam,2016-17,"621,589","591,371","6,510","299,190","51,343","524,252",36.3,41.2,0.2,8.7,0.9,12.8
3,Amhara,308,Waghamera,2016-17,"99,416","101,129","8,573","81,964","4,941","15,152",36,37.9,1.6,14.9,0.5,9.1
3,Amhara,309,Awi,2016-17,"270,823","244,059","1,527","173,509","10,927","159,912",51.6,25.2,0.1,13.1,0.5,9.4
3,Amhara,310,Oromia,2016-17,"95,650","73,255",622,"45,320","7,609","13,747",57.1,26.2,0.2,9.8,1.6,5.1
3,Amhara,312,Argoba Special Wereda,2016-17,"6,836","5,800",39,"4,196",344,"1,319",40.9,33.6,0.2,15.8,0.6,8.8
4,Oromia,400,Oromia,2016-17,"5,416,658","4,433,972","62,576","785,346","603,254","1,748,845",64.8,26.4,0.2,2.6,1.5,4.6
4,Oromia,401,West Wellega,2016-17,"255,977","130,038","3,091","6,526","4,431","72,283",85.9,9.7,0.2,0.3,0.2,3.7
4,Oromia,402,East Wellega,2016-17,"179,462","122,050",-99,"3,566","1,094","44,476",83.3,13.5,,0.3,0.1,2.8
4,Oromia,403,Illubabor,2016-17,"287,608","178,635",456,"11,668","6,773","73,634",87.9,8.3,0,1,0.3,2.5
4,Oromia,404,Jimma,2016-17,"556,751","327,389",257,"12,887","4,136","83,041",89.3,9,,0.4,0.1,1.2
4,Oromia,405,West Shewa,2016-17,"467,785","397,843","4,238","94,062","29,487","271,472",67.3,23.4,0.1,2.8,0.6,5.8
4,Oromia,406,North Shewa,2016-17,"350,089","321,879","3,087","301,531","68,439","163,576",51.1,24.9,0.1,17.6,1.9,4.4
4,Oromia,407,East Shewa,2016-17,"286,760","275,236","1,145","24,730","117,532","75,505",42.9,47.5,0.1,1.4,5,3.1
4,Oromia,408,Arsi,2016-17,"593,116","548,816","10,430","64,834","88,063","125,284",56,36.8,0.2,2.1,1.8,3.1
4,Oromia,409,West Harerghe,2016-17,"265,821","287,234","1,936","42,592","74,799","252,392",31.6,39.7,0.1,2.8,4,21.8
4,Oromia,410,East Harerghe,2016-17,"397,832","445,669","18,758","50,839","69,147","264,283",35.5,50.3,0.8,1.6,2.5,9.2
4,Oromia,411,Bale,2016-17,"301,310","237,866","4,081","19,391","29,759","23,388",76.1,20,0.1,1,1.2,1.6
4,Oromia,412,Borena,2016-17,"118,513","65,022",317,"14,958","6,316","12,798",78.4,16.7,0,2.5,1.3,1.2
4,Oromia,413,South West Shewa,2016-17,"337,550","294,783","8,285","59,518","30,753","136,271",56.5,34.3,0.4,2.9,1.2,4.7
4,Oromia,414,Guji,2016-17,"258,355","211,195","5,523","22,574","14,656","43,847",68.8,25.3,0.6,1.8,1.3,2.2
4,Oromia,415,West Arsi,2016-17,"463,190","401,951",340,"49,532","52,887","34,154",68.8,27.2,0,1.4,1.6,1
4,Oromia,416,Kelem Wellega,2016-17,"182,467","101,963",-99,-99,"4,681","44,949",85.5,10.4,,,0.9,3.2
4,Oromia,417,Horo Guduru Wellega,2016-17,"114,074","86,404",632,"6,138",303,"27,491",79.3,17.2,0.1,1,0,2.4
5,Somali,500,Somali,2016-17,"137,037","81,283","2,231","2,908","6,334","19,669",73.8,20.5,0.2,0.4,0.8,4.3
5,Somali,501,Shinele,2016-17,"10,056","3,542",227,588,"1,287","1,349",85.3,9.3,0.3,0.5,2.4,2.3
5,Somali,502,Jijiga,2016-17,"70,641","62,368",-99,564,212,"8,943",65.1,31.5,,0.1,0.1,3.2
5,Somali,509,Liben,2016-17,"56,341","15,373","2,005","1,756","4,834","9,377",82.9,8.3,0.4,0.9,1.4,6.1
6,Benshangul-Gumuz,600,Benshangul-Gumuz,2016-17,"191,197","103,298","2,123","31,573","9,076","28,304",83.8,11.6,0.2,2.4,0.4,1.6
6,Benshangul-Gumuz,602,Metekel,2016-17,"110,827","73,182","1,967","26,355","7,993","21,074",79.1,14.8,0.3,3.5,0.6,1.8
6,Benshangul-Gumuz,603,Asosa,2016-17,"58,375","24,266",81,"4,318",133,"4,687",89.8,7.9,0,0.9,0,1.3
6,Benshangul-Gumuz,604,Kemeshi,2016-17,"12,979","3,412",-99,738,287,"1,996",91.3,5.2,,0.9,0.4,2.1
6,Benshangul-Gumuz,605,Mao Komo,2016-17,"9,016","2,437",75,162,663,547,93.1,5.1,0.1,0.2,1,0.7
7,SNNP,700,SNNP,2016-17,"3,174,036","2,651,234","169,045","469,419","376,051","887,337",65.6,26,0.7,2.6,1.6,3.5
7,SNNP,701,Gurage,2016-17,"238,629","223,827","15,229","109,691","44,882","56,362",53.8,31.6,0.6,9.4,2.4,2.3
7,SNNP,702,Hadiya,2016-17,"274,124","263,310","29,030","30,802","33,689","139,643",58.8,27.6,1.1,1.4,1.9,9.2
7,SNNP,703,Kembata Tembaro,2016-17,"135,179","128,118","49,291","16,133","45,076","93,749",48.9,31.7,4.7,1.6,3.3,9.8
7,SNNP,704,Sidama,2016-17,"767,138","682,200","34,734","57,246","135,771","169,924",61.6,30.7,0.7,1.4,2.7,2.9
7,SNNP,705,Gedio,2016-17,"138,287","115,687","2,742","8,479","8,329","13,632",68,28.5,0.3,1.1,0.9,1.3
7,SNNP,706,Wolayita,2016-17,"311,466","283,977","20,416","64,704","71,060","129,102",70.7,20,0.6,3,2.6,3.2
7,SNNP,707,South Omo,2016-17,"121,672","87,792",-99,"4,155",236,"18,743",77.3,19.7,,0.5,0,2.5
7,SNNP,708,Shaka,2016-17,"41,836","5,565",-99,-99,"2,740","11,423",94.2,1.9,,,1.2,2.7
7,SNNP,709,Kaffa,2016-17,"215,273","42,236",160,"12,766",905,"40,889",94.5,2.5,0,1.4,0,1.7
7,SNNP,710,Gamo Gofa,2016-17,"363,287","338,487","3,522","72,596","4,423","52,347",67.3,26.6,0.2,3.9,0.2,1.8
7,SNNP,711,Bench Maji,2016-17,"116,534","65,786","2,008",-99,538,"29,682",86.5,10.8,0.4,,0.1,2.2
7,SNNP,712,Yem Sp. Wereda,2016-17,"20,352","18,251",380,"6,070",30,"8,074",73.2,19.5,0.2,4,0,3.1
7,SNNP,717,Dawro,2016-17,"65,490","57,783","2,061","17,151","2,613","22,713",73.7,18.3,0.3,4.5,0.5,2.7
7,SNNP,718,Basketo Sp. Wereda,2016-17,"17,076","15,604","1,793",818,-99,"5,176",65.7,27,1.6,0.8,,4.8
7,SNNP,719,Konta Sp. Wereda,2016-17,"29,593","19,809",721,"4,916",918,"7,221",82,12.2,0.4,2.7,0.2,2.5
7,SNNP,720,Silte,2016-17,"171,340","164,660","5,858","46,520","21,208","42,281",48,42,0.5,3.9,2.1,3.5
7,SNNP,721,Alaba Sp. Wereda,2016-17,"46,568","45,855",966,"7,919","3,013","13,969",50.8,41.2,0.2,2.2,0.6,4.9
7,SNNP,722,Segen People,2016-17,"100,193","92,287",133,"9,453",621,"32,409",54.6,37.4,0,2.3,0.1,5.6
12,Gambela,1200,Gambela region,2016-17,"42,875","4,682",41,96,571,"3,849",94.6,3.8,0.1,0,0.4,1.2
12,Gambela,1202,Agnuwak,2016-17,"11,127","1,106",41,96,-99,470,97,2.3,0.2,0.1,,0.4
12,Gambela,1203,Nuware,2016-17,"14,546",-99,-99,-99,-99,-99,100,,,,,
12,Gambela,1204,Mezhenger,2016-17,"14,872","3,576",-99,-99,571,"3,379",86.8,9.1,,,1,3.1
12,Gambela,1201,Itang Special,2016-17,"2,331",-99,-99,-99,-99,-99,100,,,,,
13,Harari,1300,Harari,2016-17,"17,350","26,912","7,143",309,"12,718","13,696",21.5,56.3,7.2,0.1,9.6,5.3
13,Harari,1301,Hundene,2016-17,"17,350","26,912","7,143",309,"12,718","13,696",21.5,56.3,7.2,0.1,9.6,5.3
15,Dire Dawa,1501,Dire Dawa,2016-17,"26,667","22,207",763,210,"13,169",487,72.5,20.5,0.3,0.1,6.5,0.3
15,Dire Dawa,1501,Dire Dawa,2016-17,"26,667","22,207",763,210,"13,169",487,72.5,20.5,0.3,0.1,6.5,0.3
